user_id,action
4800,READ
3585,UPDATE
4897,UPDATE
9940,LOGOUT
5079,READ
5740,DELETE
9430,CREATE
279,LOGIN
5634,READ
1653,READ
4767,LOGOUT
8832,LOGOUT
3086,CREATE
9131,DELETE
8503,LOGIN
6506,LOGIN
8481,DELETE
1888,LOGOUT
1201,DELETE
1373,CREATE
4413,READ
1124,LOGIN
1102,READ
9622,READ
7729,DELETE
6543,CREATE
6733,READ
8803,CREATE
8551,DELETE
1721,READ
19,CREATE
7509,LOGOUT
1806,DELETE
7212,READ
1690,LOGIN
4919,DELETE
8150,LOGOUT
2366,DELETE
8349,DELETE
5240,CREATE
9988,DELETE
9330,DELETE
4907,LOGIN
181,DELETE
483,DELETE
9907,DELETE
4945,DELETE
588,LOGOUT
6685,LOGOUT
7963,DELETE
1788,READ
5728,READ
3187,DELETE
4308,CREATE
2127,UPDATE
4200,READ
4204,UPDATE
1648,CREATE
8386,LOGOUT
9239,READ
869,READ
4073,READ
3095,CREATE
162,READ
1554,CREATE
9137,UPDATE
9078,LOGIN
4666,CREATE
1315,LOGIN
7076,DELETE
5280,LOGIN
8891,READ
153,CREATE
206,DELETE
848,READ
1797,UPDATE
3174,UPDATE
7398,LOGIN
9015,LOGOUT
9134,READ
6809,CREATE
3661,DELETE
9599,READ
7910,CREATE
6531,LOGOUT
5213,LOGIN
9783,LOGOUT
9553,LOGIN
8434,READ
6974,UPDATE
3144,CREATE
7585,LOGOUT
629,LOGOUT
1258,CREATE
8225,LOGIN
9622,CREATE
7769,UPDATE
4349,CREATE
2998,DELETE
1083,LOGOUT
1474,READ
1069,LOGOUT
7783,LOGIN
5116,UPDATE
7772,READ
3346,CREATE
1233,LOGIN
6639,UPDATE
3911,DELETE
9456,DELETE
6062,CREATE
9808,LOGOUT
9396,LOGIN
3605,LOGOUT
4682,READ
58,LOGIN
5818,READ
5798,LOGIN
3974,CREATE
8397,READ
5217,READ
7728,UPDATE
4338,LOGIN
6459,READ
8644,READ
2897,UPDATE
2353,LOGOUT
1664,CREATE
599,LOGOUT
1185,LOGOUT
2467,CREATE
4285,LOGIN
9586,CREATE
9262,READ
8614,LOGIN
6396,LOGOUT
8174,CREATE
2715,READ
3062,LOGIN
6343,DELETE
7069,CREATE
1526,LOGOUT
8783,UPDATE
13,LOGIN
1357,LOGIN
4820,LOGIN
9622,LOGOUT
2046,UPDATE
1720,READ
2323,DELETE
4013,READ
239,UPDATE
8078,LOGOUT
3308,READ
3616,DELETE
5846,DELETE
3452,DELETE
5780,READ
5368,LOGOUT
5365,READ
874,LOGIN
8500,READ
6476,DELETE
9578,LOGOUT
8945,LOGOUT
2623,DELETE
4981,READ
8628,UPDATE
9457,CREATE
7432,DELETE
8294,READ
9034,CREATE
8738,CREATE
1479,UPDATE
3930,UPDATE
3232,DELETE
8733,CREATE
97,READ
7318,DELETE
7665,DELETE
2623,LOGIN
2274,LOGIN
5465,READ
6190,LOGOUT
971,READ
4135,READ
5659,CREATE
5932,LOGIN
8768,CREATE
5559,LOGIN
8468,UPDATE
2581,DELETE
5209,LOGIN
5172,LOGIN
5051,DELETE
7673,LOGOUT
9640,LOGOUT
3559,LOGIN
3369,CREATE
1488,UPDATE
969,READ
9099,CREATE
4568,UPDATE
4216,LOGIN
2627,DELETE
2995,UPDATE
833,READ
4901,LOGIN
1915,LOGOUT
3034,CREATE
5852,READ
651,LOGIN
4294,UPDATE
723,CREATE
2826,CREATE
627,UPDATE
2148,READ
633,READ
4235,READ
9982,READ
7598,LOGIN
9052,CREATE
5942,CREATE
3495,UPDATE
8328,UPDATE
8520,DELETE
308,UPDATE
4206,LOGOUT
7460,LOGIN
7759,READ
2513,UPDATE
9933,LOGOUT
1223,READ
4220,LOGIN
616,READ
3162,LOGIN
6683,LOGOUT
404,LOGOUT
705,DELETE
376,DELETE
1394,UPDATE
9803,DELETE
8198,CREATE
7351,LOGIN
4973,DELETE
5105,UPDATE
1085,LOGIN
5028,READ
6361,UPDATE
2756,LOGOUT
1897,READ
9907,READ
8764,DELETE
4814,READ
7693,LOGOUT
6111,UPDATE
8715,LOGIN
7364,CREATE
6176,UPDATE
9077,READ
6981,READ
6633,DELETE
4081,UPDATE
8831,CREATE
2025,DELETE
786,UPDATE
1088,READ
5883,READ
6290,READ
2256,DELETE
8117,CREATE
5480,UPDATE
4621,READ
1162,LOGOUT
8008,LOGIN
2885,LOGOUT
3050,CREATE
9254,READ
6541,CREATE
4034,LOGIN
6110,UPDATE
3505,LOGOUT
3435,CREATE
5503,CREATE
2295,UPDATE
4303,DELETE
5346,CREATE
2420,UPDATE
9338,LOGIN
3716,CREATE
8831,LOGIN
2397,LOGOUT
7719,READ
8529,CREATE
4084,CREATE
7016,READ
2675,LOGOUT
7272,UPDATE
4433,READ
7,READ
261,READ
4470,CREATE
5074,READ
2863,LOGIN
2419,DELETE
7083,UPDATE
6392,CREATE
4544,LOGOUT
6606,CREATE
6405,READ
5900,LOGIN
3720,CREATE
5065,LOGOUT
7443,DELETE
8387,LOGIN
8725,LOGOUT
2995,LOGOUT
5963,LOGOUT
984,CREATE
9722,READ
9085,DELETE
1931,DELETE
9037,UPDATE
8458,DELETE
6516,LOGIN
5313,LOGIN
4398,LOGIN
9166,UPDATE
1417,LOGIN
991,LOGIN
4392,DELETE
3281,READ
4227,READ
7375,LOGIN
4396,LOGIN
7655,LOGIN
6153,LOGOUT
7637,LOGIN
2573,READ
8673,DELETE
6673,LOGIN
9110,UPDATE
227,DELETE
5065,UPDATE
2792,LOGOUT
9545,CREATE
1350,UPDATE
4000,LOGOUT
6729,UPDATE
453,READ
3944,DELETE
300,DELETE
5153,READ
9743,LOGOUT
9619,LOGOUT
769,DELETE
3678,CREATE
3161,UPDATE
9992,READ
4501,CREATE
9833,LOGOUT
8322,CREATE
3906,LOGIN
9986,LOGIN
420,UPDATE
9887,CREATE
6086,LOGIN
1691,LOGIN
1724,LOGOUT
8044,DELETE
8148,CREATE
6809,LOGIN
5256,DELETE
8896,UPDATE
8558,LOGOUT
9082,CREATE
8243,CREATE
5834,UPDATE
3362,UPDATE
8619,CREATE
6729,LOGOUT
6443,LOGIN
6672,UPDATE
481,CREATE
2463,DELETE
1121,DELETE
6053,UPDATE
4578,DELETE
5218,UPDATE
4578,UPDATE
958,READ
9495,CREATE
5547,LOGIN
5220,LOGOUT
3243,LOGOUT
4998,UPDATE
3284,UPDATE
6811,READ
8404,UPDATE
1532,CREATE
1045,LOGIN
1163,UPDATE
4926,READ
1570,DELETE
2279,LOGIN
2714,CREATE
9638,LOGIN
1788,READ
7257,UPDATE
3595,LOGOUT
3372,LOGIN
4316,DELETE
4544,READ
9921,CREATE
7505,CREATE
2810,DELETE
5805,LOGOUT
8721,LOGIN
8901,LOGOUT
1561,READ
232,DELETE
6682,LOGIN
7281,LOGIN
2714,READ
9416,UPDATE
9774,UPDATE
4298,DELETE
3262,DELETE
4526,DELETE
166,LOGIN
1666,CREATE
4752,CREATE
1844,LOGIN
5288,CREATE
7186,CREATE
5680,CREATE
3271,DELETE
1459,LOGOUT
1632,LOGIN
5232,DELETE
1227,CREATE
9643,READ
1333,LOGIN
9844,CREATE
6445,LOGOUT
1183,DELETE
272,LOGOUT
3099,UPDATE
4222,LOGIN
8004,READ
5297,READ
5521,LOGOUT
4452,UPDATE
1503,UPDATE
687,LOGIN
7498,DELETE
9884,LOGOUT
9992,READ
5535,LOGIN
9585,UPDATE
2278,UPDATE
6563,DELETE
8473,DELETE
1824,LOGOUT
5994,READ
3350,LOGOUT
7616,LOGOUT
3678,DELETE
4861,UPDATE
8195,DELETE
4598,READ
5035,CREATE
2140,LOGOUT
8538,DELETE
3920,UPDATE
6263,UPDATE
3466,LOGOUT
2673,CREATE
33,UPDATE
5407,UPDATE
2501,DELETE
9046,LOGIN
128,LOGOUT
2820,DELETE
2713,DELETE
8953,DELETE
7255,UPDATE
8031,LOGOUT
9042,LOGOUT
2675,READ
8582,UPDATE
3622,DELETE
2636,LOGOUT
6005,CREATE
7329,CREATE
7750,UPDATE
9453,UPDATE
6706,UPDATE
5856,LOGIN
4355,LOGIN
3091,LOGIN
4034,READ
1159,LOGIN
1921,UPDATE
6300,LOGOUT
5390,DELETE
1299,LOGIN
3449,LOGOUT
1995,LOGIN
7869,CREATE
3594,DELETE
8385,CREATE
4224,DELETE
836,CREATE
7153,LOGOUT
968,DELETE
8160,LOGOUT
8663,LOGOUT
5436,LOGIN
7607,LOGIN
9062,UPDATE
2570,UPDATE
5201,UPDATE
3411,UPDATE
2103,CREATE
3714,CREATE
8294,READ
5360,UPDATE
7913,LOGOUT
4736,UPDATE
6086,LOGOUT
4343,DELETE
9970,CREATE
6829,READ
632,CREATE
775,READ
8594,CREATE
7358,LOGOUT
1885,LOGOUT
2401,READ
2201,DELETE
6558,READ
3794,LOGIN
3306,LOGOUT
3730,LOGIN
8551,READ
5723,CREATE
4090,LOGOUT
4390,READ
8660,READ
3652,UPDATE
8895,DELETE
8426,LOGOUT
1672,LOGOUT
2848,READ
9013,CREATE
4936,LOGIN
1836,UPDATE
4228,LOGIN
3514,LOGOUT
1351,LOGOUT
7702,LOGIN
8152,READ
3922,LOGOUT
6128,CREATE
3819,UPDATE
9991,DELETE
2337,CREATE
5088,LOGIN
9584,DELETE
5399,LOGOUT
5820,CREATE
1527,UPDATE
394,LOGOUT
6237,UPDATE
4179,DELETE
7837,UPDATE
4272,DELETE
4128,CREATE
9731,DELETE
88,UPDATE
3401,READ
9542,DELETE
3890,DELETE
7913,UPDATE
2619,READ
2945,LOGOUT
518,LOGOUT
5531,LOGIN
8328,DELETE
2884,DELETE
6649,UPDATE
5091,READ
2276,LOGIN
6976,READ
5988,CREATE
7225,DELETE
4983,READ
889,CREATE
2945,LOGOUT
4233,LOGIN
6338,UPDATE
1693,UPDATE
2354,READ
2382,DELETE
8121,DELETE
7768,UPDATE
3681,READ
8341,DELETE
932,DELETE
9217,READ
7423,READ
7247,DELETE
2494,CREATE
5699,DELETE
8736,LOGOUT
6492,CREATE
3526,READ
8121,UPDATE
2814,UPDATE
1793,READ
6414,DELETE
8704,DELETE
8195,UPDATE
9839,UPDATE
2612,READ
2523,LOGIN
9795,LOGOUT
688,DELETE
8905,DELETE
8023,LOGOUT
9736,DELETE
4080,DELETE
5560,LOGIN
5392,UPDATE
3529,DELETE
2832,CREATE
2715,DELETE
9018,LOGOUT
3216,CREATE
1632,LOGOUT
5689,DELETE
1204,DELETE
1478,LOGOUT
4705,UPDATE
7222,LOGOUT
6567,LOGOUT
5408,UPDATE
9081,LOGIN
1163,READ
9078,UPDATE
8602,READ
321,UPDATE
330,UPDATE
5551,LOGOUT
7396,LOGOUT
2471,UPDATE
7749,DELETE
7468,CREATE
4516,DELETE
5070,DELETE
7632,READ
2400,LOGOUT
7425,UPDATE
4907,LOGIN
7082,DELETE
1544,UPDATE
5149,READ
27,READ
4977,LOGOUT
5032,LOGOUT
5551,UPDATE
5031,LOGOUT
8258,READ
6208,READ
413,LOGOUT
97,READ
3187,DELETE
1323,DELETE
7053,CREATE
8986,DELETE
7516,CREATE
3718,READ
7694,LOGOUT
7721,UPDATE
8254,CREATE
9654,UPDATE
9024,DELETE
2683,CREATE
6132,LOGOUT
7965,READ
2246,UPDATE
6398,CREATE
4014,LOGOUT
7294,LOGIN
2282,DELETE
3059,READ
9510,CREATE
9006,UPDATE
6571,LOGIN
2066,UPDATE
7033,READ
8416,READ
7262,LOGIN
588,LOGOUT
4353,CREATE
4723,LOGIN
768,DELETE
7689,READ
122,CREATE
7653,LOGIN
1472,READ
529,LOGIN
3654,LOGOUT
5547,DELETE
528,CREATE
4603,READ
2959,DELETE
372,DELETE
4560,CREATE
604,LOGIN
9661,DELETE
1379,CREATE
6735,READ
3029,DELETE
4697,READ
9660,READ
1995,CREATE
4362,LOGOUT
8163,READ
9950,LOGIN
3009,CREATE
1568,UPDATE
8781,LOGIN
1740,UPDATE
5507,DELETE
3551,LOGOUT
575,LOGIN
4490,DELETE
3733,DELETE
8464,UPDATE
5636,UPDATE
2805,UPDATE
9097,CREATE
7315,CREATE
4417,LOGOUT
9558,LOGIN
6348,LOGOUT
1473,LOGOUT
3783,UPDATE
5761,DELETE
1831,LOGOUT
7975,UPDATE
111,LOGOUT
1732,DELETE
4872,DELETE
500,DELETE
7075,UPDATE
5574,READ
1231,LOGIN
1165,READ
7510,CREATE
578,LOGIN
315,UPDATE
6257,LOGOUT
359,CREATE
5555,READ
3215,LOGIN
2513,CREATE
8948,READ
2798,LOGIN
7868,UPDATE
6815,READ
801,CREATE
1480,LOGOUT
581,LOGOUT
7197,DELETE
5356,READ
3472,LOGOUT
9411,UPDATE
7456,READ
7525,DELETE
7683,UPDATE
179,DELETE
1117,LOGOUT
1020,READ
414,UPDATE
7398,UPDATE
6147,LOGIN
7609,LOGOUT
3939,UPDATE
9904,LOGIN
4756,LOGIN
9559,DELETE
6139,LOGOUT
4069,LOGOUT
7935,LOGIN
828,DELETE
4241,READ
5508,UPDATE
8078,READ
4241,READ
2361,LOGIN
4917,DELETE
1672,UPDATE
1877,CREATE
6783,DELETE
1100,LOGOUT
1991,READ
8822,DELETE
232,LOGIN
1866,UPDATE
6602,DELETE
9477,LOGOUT
3243,DELETE
2619,DELETE
6752,CREATE
5619,LOGOUT
729,LOGOUT
8856,UPDATE
7459,CREATE
5083,DELETE
7842,DELETE
5692,LOGIN
8437,CREATE
2417,LOGOUT
2205,READ
5676,LOGOUT
2583,READ
8905,LOGIN
2166,UPDATE
8222,READ
5804,LOGIN
3523,CREATE
9994,LOGIN
1381,READ
3309,READ
6321,DELETE
9832,CREATE
8499,DELETE
7047,LOGOUT
8787,READ
3378,READ
2550,LOGIN
4805,DELETE
2793,CREATE
9345,LOGOUT
3177,CREATE
4828,READ
8356,UPDATE
2429,LOGOUT
4343,LOGOUT
9421,LOGOUT
2787,LOGIN
8243,LOGOUT
1188,UPDATE
2473,READ
2593,LOGOUT
499,CREATE
91,LOGIN
7331,READ
5353,LOGOUT
3438,READ
1499,LOGIN
2905,DELETE
851,UPDATE
7537,LOGIN
8362,CREATE
9897,LOGOUT
2144,LOGOUT
2079,UPDATE
1994,CREATE
1422,READ
9438,LOGIN
2908,LOGIN
8412,LOGIN
3509,READ
1847,DELETE
6532,READ
7776,LOGIN
3758,LOGOUT
8288,READ
4918,DELETE
3382,LOGOUT
9809,LOGOUT
4511,UPDATE
3283,LOGOUT
1697,DELETE
5515,LOGIN
849,LOGOUT
1828,DELETE
3332,LOGOUT
556,UPDATE
7730,DELETE
3869,LOGIN
3348,LOGOUT
6819,LOGOUT
972,LOGIN
618,LOGIN
9238,DELETE
6293,LOGIN
1635,LOGOUT
3427,LOGIN
8546,READ
5546,DELETE
9391,UPDATE
5397,READ
6052,CREATE
7819,CREATE
9438,LOGIN
951,CREATE
2893,UPDATE
3037,LOGOUT
1243,LOGOUT
3364,LOGOUT
5670,CREATE
758,DELETE
530,LOGIN
2253,LOGIN
6177,READ
7070,UPDATE
1521,CREATE
9449,UPDATE
3520,CREATE
7509,UPDATE
4894,LOGOUT
7401,READ
8909,DELETE
2129,DELETE
1807,READ
1552,DELETE
4085,DELETE
8552,CREATE
9442,LOGOUT
568,READ
6812,CREATE
7474,CREATE
9969,UPDATE
7175,LOGOUT
5793,CREATE
3166,UPDATE
4524,UPDATE
2930,UPDATE
973,LOGIN
6662,CREATE
9459,LOGOUT
2139,DELETE
912,READ
2159,CREATE
855,CREATE
5387,READ
1817,CREATE
9868,LOGIN
1972,DELETE
9027,LOGIN
1031,UPDATE
724,LOGOUT
2901,READ
9230,CREATE
7581,READ
4925,READ
510,LOGOUT
9733,READ
5566,CREATE
9159,CREATE
1111,LOGIN
7592,DELETE
692,DELETE
2705,DELETE
9756,DELETE
3413,DELETE
3701,UPDATE
8328,READ
8790,UPDATE
8739,CREATE
5270,LOGIN
2113,DELETE
4507,LOGIN
3189,UPDATE
3897,LOGOUT
7012,DELETE
590,DELETE
9905,READ
7400,READ
7194,CREATE
8804,LOGIN
9149,CREATE
3479,UPDATE
8785,LOGIN
8968,LOGIN
6170,CREATE
6040,DELETE
9028,CREATE
1084,CREATE
9792,READ
4762,UPDATE
307,DELETE
8529,DELETE
4719,LOGIN
7249,CREATE
6596,UPDATE
5043,LOGIN
7345,LOGIN
9685,UPDATE
1640,DELETE
9183,LOGOUT
83,DELETE
9265,DELETE
2185,DELETE
6471,UPDATE
839,LOGOUT
3655,UPDATE
5535,DELETE
9468,CREATE
2146,DELETE
5898,UPDATE
7320,READ
5982,LOGOUT
3015,LOGOUT
761,LOGOUT
792,LOGOUT
3477,CREATE
8889,READ
2419,LOGIN
4326,CREATE
4395,LOGOUT
2327,DELETE
8436,READ
239,DELETE
872,DELETE
554,CREATE
9277,DELETE
741,CREATE
6332,READ
912,UPDATE
4870,UPDATE
3854,UPDATE
6566,UPDATE
7625,UPDATE
5575,LOGIN
9337,LOGIN
873,READ
2612,LOGOUT
5146,DELETE
2702,LOGOUT
3657,CREATE
3466,READ
5794,LOGOUT
3137,LOGIN
7792,READ
4115,LOGIN
6084,CREATE
1524,UPDATE
3589,CREATE
6478,UPDATE
2306,LOGIN
8107,READ
6306,LOGIN
402,UPDATE
5014,LOGIN
4533,READ
1698,LOGOUT
4343,DELETE
44,CREATE
7597,READ
2643,READ
800,READ
4339,LOGIN
4403,LOGIN
4720,UPDATE
4122,LOGIN
1590,READ
7068,UPDATE
5943,DELETE
3826,CREATE
7991,READ
579,DELETE
3934,DELETE
500,READ
1403,UPDATE
9598,READ
5176,LOGOUT
4257,UPDATE
9425,READ
6322,DELETE
8820,CREATE
7235,LOGIN
2284,UPDATE
5968,LOGOUT
9116,UPDATE
6937,DELETE
6166,READ
9576,READ
9373,UPDATE
6210,DELETE
9101,UPDATE
966,UPDATE
1479,READ
3582,DELETE
9877,READ
3612,DELETE
5084,DELETE
5906,CREATE
5139,LOGOUT
3934,UPDATE
8256,LOGOUT
719,UPDATE
7031,LOGOUT
9105,UPDATE
4148,READ
8750,LOGIN
1366,LOGOUT
1615,LOGIN
4012,CREATE
6762,CREATE
6511,UPDATE
4809,READ
6996,CREATE
6407,LOGIN
3799,UPDATE
5699,LOGOUT
3946,LOGOUT
2940,UPDATE
6794,UPDATE
5415,CREATE
1604,READ
4850,DELETE
7557,LOGIN
7736,LOGOUT
7377,CREATE
7952,READ
1791,UPDATE
7073,CREATE
2194,LOGIN
7580,READ
8564,DELETE
8046,CREATE
7979,LOGOUT
8026,LOGOUT
2467,LOGOUT
4066,DELETE
2009,DELETE
5891,DELETE
2322,CREATE
9291,CREATE
8648,LOGIN
2492,DELETE
62,UPDATE
761,DELETE
504,DELETE
9981,UPDATE
9513,UPDATE
9562,CREATE
9294,LOGOUT
6063,READ
4563,UPDATE
2183,LOGOUT
7417,CREATE
5686,UPDATE
2380,UPDATE
2542,DELETE
1726,DELETE
2310,READ
9835,READ
4285,CREATE
9111,DELETE
1216,CREATE
2455,DELETE
2751,READ
8674,READ
4663,READ
2231,UPDATE
3808,LOGOUT
2561,CREATE
8535,LOGIN
7520,LOGOUT
166,READ
9817,LOGIN
6948,READ
7915,LOGOUT
9720,LOGOUT
9228,LOGIN
8162,CREATE
5534,LOGIN
7599,CREATE
3363,CREATE
3839,LOGIN
5310,CREATE
5074,DELETE
7990,LOGIN
4924,READ
5146,DELETE
5694,LOGIN
482,DELETE
5796,CREATE
2230,READ
2749,LOGOUT
4767,CREATE
479,CREATE
3899,LOGIN
8112,READ
4701,READ
859,LOGOUT
650,DELETE
1089,UPDATE
7491,LOGOUT
1834,UPDATE
3091,UPDATE
1227,CREATE
7783,UPDATE
529,LOGIN
5051,DELETE
4858,CREATE
1042,UPDATE
3739,DELETE
157,UPDATE
4992,UPDATE
2357,UPDATE
7942,READ
2973,CREATE
6916,CREATE
1729,LOGOUT
8807,UPDATE
4057,CREATE
5976,UPDATE
3988,UPDATE
886,LOGIN
1878,LOGIN
6836,DELETE
4982,CREATE
5227,UPDATE
2890,DELETE
3370,UPDATE
4911,READ
4920,LOGOUT
4209,DELETE
8218,DELETE
3033,DELETE
7716,LOGIN
4232,CREATE
2604,LOGOUT
3975,CREATE
3759,DELETE
182,LOGIN
3769,READ
681,LOGOUT
5309,LOGOUT
9810,LOGOUT
7174,DELETE
4021,LOGIN
9653,DELETE
5266,LOGOUT
3875,LOGOUT
8271,DELETE
492,UPDATE
8527,UPDATE
7153,LOGIN
7091,READ
7503,UPDATE
1161,LOGIN
6240,LOGIN
8730,CREATE
2715,READ
337,LOGOUT
4835,CREATE
3593,LOGOUT
3106,CREATE
7994,LOGIN
2439,CREATE
6426,LOGIN
4273,UPDATE
3011,CREATE
1436,CREATE
9876,UPDATE
7988,LOGIN
8625,LOGOUT
5844,LOGIN
9642,UPDATE
7437,UPDATE
5156,DELETE
4375,CREATE
4067,DELETE
4536,UPDATE
9835,CREATE
6135,LOGOUT
7197,LOGIN
6648,DELETE
7281,LOGOUT
8209,READ
7872,LOGOUT
2978,CREATE
9267,CREATE
5977,READ
3192,UPDATE
863,READ
8164,DELETE
3093,LOGIN
3844,UPDATE
2265,DELETE
19,CREATE
8856,LOGOUT
1523,UPDATE
3641,DELETE
8595,LOGOUT
314,UPDATE
8073,UPDATE
3133,LOGOUT
6525,LOGIN
5199,READ
6227,CREATE
1090,READ
4641,UPDATE
5306,DELETE
2784,DELETE
5251,CREATE
7583,UPDATE
9644,READ
3204,DELETE
3867,LOGIN
892,DELETE
5137,DELETE
5193,LOGIN
5340,LOGOUT
5143,LOGOUT
9628,LOGOUT
4992,LOGOUT
3045,UPDATE
1343,READ
8428,CREATE
5019,LOGIN
7976,LOGIN
2925,LOGOUT
5733,CREATE
5397,DELETE
5897,LOGOUT
40,LOGIN
4786,LOGOUT
612,LOGIN
3839,CREATE
3267,DELETE
2256,DELETE
7753,LOGIN
6556,UPDATE
7741,UPDATE
3675,DELETE
9044,DELETE
8020,LOGIN
4900,CREATE
8190,DELETE
1542,READ
5490,LOGIN
8687,CREATE
9111,LOGOUT
1526,LOGOUT
2110,CREATE
8338,READ
5506,LOGOUT
6732,READ
9866,LOGIN
3445,READ
9801,DELETE
5093,LOGIN
3591,LOGIN
3478,CREATE
6586,CREATE
9573,READ
506,DELETE
1405,DELETE
2605,UPDATE
7457,LOGIN
3753,CREATE
733,READ
8332,READ
9739,CREATE
1743,UPDATE
940,CREATE
8044,READ
3028,READ
6515,CREATE
3318,LOGIN
3087,UPDATE
6400,LOGOUT
2813,UPDATE
7454,LOGIN
3134,DELETE
3020,READ
5975,UPDATE
6242,CREATE
5927,DELETE
5457,CREATE
9282,CREATE
4135,UPDATE
6689,CREATE
3766,DELETE
97,UPDATE
8181,CREATE
7160,READ
6821,READ
9764,LOGOUT
3023,CREATE
532,LOGIN
1433,UPDATE
8868,LOGIN
6877,UPDATE
6910,LOGIN
3084,READ
777,READ
6277,DELETE
4080,READ
5860,UPDATE
3008,DELETE
7360,CREATE
8722,LOGIN
6582,CREATE
534,READ
3582,UPDATE
6714,UPDATE
9034,UPDATE
2250,LOGIN
4619,CREATE
4116,LOGIN
1088,LOGIN
2184,LOGOUT
7834,LOGOUT
9531,DELETE
4809,DELETE
1067,UPDATE
2908,UPDATE
8231,LOGOUT
616,READ
1030,DELETE
5336,UPDATE
593,READ
4282,READ
687,UPDATE
3181,READ
618,CREATE
6717,CREATE
9718,LOGOUT
6453,LOGOUT
2135,LOGOUT
5412,CREATE
5568,LOGOUT
9058,DELETE
629,DELETE
9708,LOGIN
9671,DELETE
9807,READ
163,LOGIN
6341,READ
699,LOGIN
2370,READ
4140,LOGOUT
3298,READ
5725,READ
1343,READ
8268,LOGOUT
6313,CREATE
1165,UPDATE
2333,LOGOUT
7781,READ
9233,READ
9870,LOGIN
600,LOGOUT
3187,DELETE
7205,CREATE
1094,READ
7849,CREATE
3243,READ
7520,UPDATE
8963,CREATE
7424,DELETE
8585,LOGIN
8569,LOGIN
1305,LOGOUT
8741,LOGIN
8111,READ
5419,LOGOUT
5287,UPDATE
561,CREATE
2809,UPDATE
9051,LOGIN
488,LOGOUT
8387,READ
596,LOGIN
1316,CREATE
5480,UPDATE
4931,LOGOUT
6133,CREATE
9116,LOGIN
3349,UPDATE
5865,LOGOUT
9738,LOGIN
1703,CREATE
9775,DELETE
265,LOGIN
9280,UPDATE
1274,LOGIN
7143,LOGOUT
7806,LOGOUT
585,LOGOUT
2640,LOGIN
1515,DELETE
9925,LOGOUT
1661,LOGIN
372,LOGIN
1083,LOGIN
5397,LOGIN
5009,READ
970,UPDATE
5739,LOGIN
5858,UPDATE
3269,LOGOUT
5355,LOGIN
9893,UPDATE
5785,DELETE
9305,DELETE
3192,LOGOUT
3460,CREATE
9181,DELETE
1768,LOGIN
1035,UPDATE
3557,UPDATE
9703,LOGOUT
2993,LOGOUT
7101,READ
9033,READ
578,LOGOUT
3633,READ
1055,READ
6603,LOGOUT
7202,LOGOUT
7269,DELETE
1626,CREATE
5012,LOGIN
8912,READ
2969,DELETE
3923,CREATE
7553,READ
7653,DELETE
8268,LOGOUT
5949,CREATE
1700,READ
5646,CREATE
9741,LOGIN
2684,UPDATE
2254,READ
6580,CREATE
6173,UPDATE
7833,LOGIN
489,UPDATE
8528,CREATE
7684,CREATE
6557,LOGOUT
267,LOGOUT
6994,LOGIN
7489,UPDATE
2468,LOGOUT
7299,READ
5966,CREATE
5405,UPDATE
663,LOGIN
6562,LOGIN
9304,CREATE
292,LOGIN
4138,CREATE
3001,DELETE
4609,READ
2946,LOGIN
3106,DELETE
8190,READ
3255,LOGOUT
5045,LOGIN
909,CREATE
8570,LOGIN
9204,DELETE
1738,LOGIN
7245,UPDATE
5180,CREATE
7329,UPDATE
8126,UPDATE
8093,DELETE
1494,LOGOUT
3304,UPDATE
4566,LOGIN
3289,DELETE
7621,UPDATE
4194,READ
4421,LOGIN
326,LOGOUT
2858,DELETE
525,DELETE
5690,LOGIN
7136,DELETE
1049,UPDATE
1393,LOGOUT
9920,LOGIN
9241,LOGIN
3970,CREATE
6801,LOGIN
1659,UPDATE
804,UPDATE
7926,UPDATE
2478,LOGIN
6568,LOGOUT
5956,LOGOUT
1646,LOGIN
170,READ
8478,DELETE
1798,LOGIN
4356,DELETE
6599,READ
922,CREATE
816,DELETE
539,UPDATE
4700,UPDATE
5815,READ
2736,LOGOUT
6885,DELETE
1189,LOGIN
3933,UPDATE
2729,UPDATE
5591,CREATE
818,CREATE
1597,READ
7112,READ
5529,LOGOUT
897,LOGOUT
4779,LOGIN
6747,DELETE
4272,UPDATE
2548,LOGOUT
1853,CREATE
1909,UPDATE
6885,LOGOUT
5976,CREATE
6482,CREATE
9191,LOGOUT
9437,LOGIN
3137,READ
164,READ
6743,DELETE
4725,DELETE
73,CREATE
219,LOGIN
4297,READ
9056,DELETE
1320,LOGIN
4066,CREATE
826,READ
4245,CREATE
2196,READ
569,LOGOUT
9957,CREATE
4769,LOGIN
7128,READ
9755,CREATE
4888,CREATE
8427,CREATE
9213,CREATE
9598,UPDATE
8149,LOGIN
7849,READ
2935,DELETE
616,LOGIN
7730,CREATE
959,READ
1556,DELETE
4861,CREATE
4417,READ
4162,READ
5731,DELETE
2367,DELETE
3742,LOGIN
8042,LOGIN
2455,DELETE
9937,LOGOUT
1118,CREATE
148,DELETE
8160,LOGOUT
4779,DELETE
66,CREATE
3612,DELETE
1305,CREATE
4367,CREATE
5342,LOGOUT
4577,READ
4316,LOGIN
2642,DELETE
6065,UPDATE
5378,CREATE
5186,READ
3391,READ
2999,READ
5437,LOGIN
7222,READ
2710,LOGOUT
3556,LOGIN
4273,CREATE
2782,DELETE
1205,DELETE
665,CREATE
3125,UPDATE
3479,READ
4002,LOGOUT
4372,LOGOUT
4473,LOGIN
8099,LOGIN
3266,DELETE
3618,READ
3897,CREATE
3428,DELETE
8865,READ
5533,READ
7567,LOGOUT
1435,READ
5619,CREATE
8429,LOGIN
1633,CREATE
9238,LOGOUT
4031,READ
8874,UPDATE
6207,LOGIN
233,CREATE
5570,CREATE
3192,CREATE
5465,DELETE
1969,UPDATE
348,CREATE
3432,CREATE
8763,READ
2602,UPDATE
8905,READ
6859,DELETE
5072,READ
4489,UPDATE
3159,CREATE
1279,CREATE
7643,UPDATE
8579,READ
3176,READ
9457,UPDATE
9573,LOGOUT
8034,LOGIN
6382,READ
6124,DELETE
6013,DELETE
7496,DELETE
5693,LOGOUT
747,LOGOUT
8896,DELETE
3667,READ
6095,LOGOUT
3687,UPDATE
9094,DELETE
3548,LOGIN
855,READ
9835,LOGOUT
9667,CREATE
2421,LOGOUT
4760,CREATE
7878,LOGIN
9114,CREATE
6155,UPDATE
6786,CREATE
6633,DELETE
1371,DELETE
7639,READ
852,READ
5547,LOGOUT
4331,READ
2031,CREATE
8817,READ
9897,DELETE
9780,LOGIN
9420,UPDATE
9849,LOGIN
6904,LOGIN
6006,LOGIN
4913,LOGOUT
3556,DELETE
9608,LOGOUT
1977,READ
7070,LOGOUT
6390,DELETE
9999,LOGIN
7262,LOGIN
2489,LOGOUT
7106,CREATE
4382,LOGIN
5374,LOGIN
7051,DELETE
3993,READ
6468,LOGOUT
8857,READ
9737,UPDATE
519,LOGOUT
5937,LOGIN
7832,READ
5378,LOGIN
1152,DELETE
1574,DELETE
8988,READ
1204,UPDATE
6550,LOGOUT
3700,READ
9290,LOGOUT
1516,LOGIN
5535,CREATE
888,DELETE
650,UPDATE
5671,LOGIN
8930,CREATE
1507,READ
9370,LOGIN
8218,CREATE
9803,DELETE
3231,READ
2628,LOGIN
2322,LOGOUT
3288,UPDATE
4268,READ
2575,CREATE
2077,READ
4723,LOGOUT
9508,READ
2795,UPDATE
7054,DELETE
7490,DELETE
1213,READ
6725,LOGIN
4879,CREATE
5008,CREATE
4013,LOGIN
789,LOGOUT
3802,DELETE
9659,UPDATE
9301,UPDATE
2653,CREATE
6962,UPDATE
5993,DELETE
8951,DELETE
4970,LOGIN
5177,DELETE
3948,CREATE
3998,READ
889,DELETE
6321,DELETE
8406,DELETE
8117,LOGOUT
3750,READ
1547,CREATE
9882,UPDATE
1776,LOGOUT
1991,LOGOUT
3182,DELETE
9907,CREATE
2605,DELETE
7442,DELETE
529,CREATE
2372,UPDATE
8523,LOGOUT
9186,READ
666,LOGOUT
2339,CREATE
6365,UPDATE
5353,LOGIN
159,READ
5998,DELETE
4222,DELETE
1088,LOGOUT
3048,LOGIN
3703,UPDATE
7517,LOGOUT
2432,CREATE
7118,LOGOUT
5753,LOGOUT
570,READ
3990,DELETE
9961,DELETE
3124,UPDATE
2165,LOGOUT
154,LOGOUT
6697,DELETE
7278,DELETE
2207,LOGIN
5940,LOGIN
7166,LOGOUT
6595,CREATE
2596,LOGOUT
9157,LOGIN
4483,CREATE
4207,READ
175,UPDATE
4011,LOGIN
4401,UPDATE
5160,LOGOUT
1185,DELETE
1233,LOGIN
4343,LOGOUT
2262,READ
7347,DELETE
1084,UPDATE
8319,CREATE
8698,DELETE
1229,DELETE
395,LOGOUT
3031,CREATE
127,READ
1761,CREATE
6142,DELETE
2149,UPDATE
4464,LOGOUT
7104,CREATE
8228,READ
9109,READ
7502,LOGOUT
1690,LOGIN
7601,UPDATE
6919,READ
5604,UPDATE
1585,CREATE
761,READ
2188,LOGOUT
620,READ
9537,LOGOUT
9822,LOGIN
8519,DELETE
2378,LOGOUT
9332,LOGOUT
1602,UPDATE
6126,UPDATE
8693,CREATE
6117,READ
6830,LOGOUT
9679,READ
2948,DELETE
2878,LOGIN
6703,LOGOUT
8731,LOGIN
5640,LOGIN
3721,CREATE
929,LOGIN
509,UPDATE
5870,LOGIN
8453,LOGIN
4463,READ
3043,LOGOUT
3976,UPDATE
7280,LOGIN
4043,LOGOUT
4028,DELETE
4432,LOGOUT
7871,CREATE
7767,LOGIN
4916,CREATE
2537,DELETE
4618,READ
7822,CREATE
9116,UPDATE
3684,CREATE
695,DELETE
4363,LOGIN
9811,CREATE
2829,READ
2249,LOGOUT
3828,UPDATE
7590,READ
4761,CREATE
9572,UPDATE
1717,LOGOUT
6451,READ
3857,READ
4766,LOGIN
2397,UPDATE
7038,UPDATE
8589,LOGIN
594,DELETE
1724,LOGIN
340,DELETE
5834,DELETE
609,READ
9298,UPDATE
5965,READ
8257,UPDATE
1385,READ
8836,UPDATE
132,CREATE
3203,READ
1354,UPDATE
7080,LOGIN
175,READ
1405,CREATE
1228,CREATE
4196,DELETE
7647,READ
9416,DELETE
7369,UPDATE
4450,CREATE
2594,LOGOUT
1957,UPDATE
9206,CREATE
1448,LOGOUT
4213,DELETE
1714,UPDATE
6420,DELETE
6199,CREATE
6392,READ
9179,DELETE
56,CREATE
5078,UPDATE
9994,LOGOUT
248,DELETE
1492,LOGOUT
9397,UPDATE
602,DELETE
512,LOGIN
3557,LOGOUT
6455,DELETE
5864,DELETE
8057,DELETE
2223,READ
8411,CREATE
4430,DELETE
6603,READ
9960,DELETE
5410,DELETE
9558,LOGOUT
8967,UPDATE
5630,CREATE
4199,LOGIN
1393,LOGIN
338,LOGOUT
9781,UPDATE
7502,DELETE
9200,UPDATE
7604,DELETE
9247,DELETE
3345,DELETE
3073,UPDATE
8850,LOGOUT
2519,LOGIN
802,UPDATE
1390,LOGOUT
2220,UPDATE
9819,LOGOUT
2082,UPDATE
6252,CREATE
3667,UPDATE
6103,DELETE
1085,LOGIN
3908,UPDATE
4471,CREATE
1221,LOGOUT
2483,LOGOUT
7444,DELETE
8963,LOGOUT
2044,CREATE
1034,LOGOUT
4740,UPDATE
1237,LOGOUT
5609,LOGIN
5616,DELETE
9277,CREATE
8107,DELETE
7706,UPDATE
5115,LOGIN
7242,DELETE
6000,CREATE
9397,READ
7417,LOGOUT
8011,LOGIN
8735,UPDATE
9943,LOGIN
1163,LOGIN
1051,LOGOUT
4199,LOGOUT
4252,READ
7778,DELETE
4458,LOGIN
2832,CREATE
1841,CREATE
5400,LOGIN
6821,DELETE
7430,LOGOUT
7485,READ
4882,LOGOUT
6755,LOGOUT
5250,LOGOUT
6505,UPDATE
2401,LOGIN
7612,LOGIN
4516,READ
6579,LOGOUT
2023,READ
1399,DELETE
7873,LOGIN
9836,DELETE
3244,LOGIN
1594,CREATE
845,READ
8653,LOGIN
1917,DELETE
3650,LOGIN
135,READ
6238,DELETE
4837,READ
4121,CREATE
9438,LOGIN
7902,LOGOUT
3396,LOGIN
3934,LOGOUT
246,LOGOUT
4563,LOGOUT
9730,LOGIN
3340,DELETE
1108,READ
5853,UPDATE
1653,LOGIN
5381,LOGOUT
2094,DELETE
5485,UPDATE
299,CREATE
2959,READ
7897,READ
724,UPDATE
7547,LOGOUT
479,UPDATE
6019,READ
6056,DELETE
5503,UPDATE
2232,LOGIN
6461,LOGOUT
6508,LOGIN
5128,READ
3382,DELETE
7091,READ
366,READ
2304,LOGOUT
6526,READ
4957,DELETE
1954,READ
3957,DELETE
534,READ
5493,READ
9683,UPDATE
9587,UPDATE
560,LOGOUT
3840,READ
2804,DELETE
6936,LOGOUT
2144,LOGIN
3904,UPDATE
6813,LOGOUT
1879,LOGIN
9459,UPDATE
8426,CREATE
9511,READ
3425,UPDATE
3215,LOGOUT
4123,UPDATE
6864,READ
4443,LOGOUT
6304,READ
4997,UPDATE
3897,LOGOUT
5358,CREATE
9811,LOGIN
130,DELETE
1786,DELETE
6211,DELETE
7359,CREATE
5718,LOGOUT
2733,LOGIN
8031,LOGIN
2725,UPDATE
4681,UPDATE
4570,READ
9478,DELETE
6130,DELETE
7743,LOGIN
6440,LOGOUT
364,CREATE
9654,READ
1868,DELETE
4534,LOGOUT
739,CREATE
1614,READ
2786,UPDATE
7838,LOGOUT
4727,CREATE
1164,READ
9690,LOGIN
1620,READ
2686,READ
147,UPDATE
6914,UPDATE
5080,LOGOUT
5323,DELETE
646,READ
7418,UPDATE
9751,LOGOUT
8869,LOGOUT
1760,DELETE
6015,LOGIN
1490,LOGOUT
4743,UPDATE
2178,LOGOUT
4623,DELETE
7816,LOGOUT
8765,LOGOUT
7928,LOGOUT
932,LOGIN
1931,CREATE
7926,READ
5104,READ
2496,READ
6354,UPDATE
2182,UPDATE
3205,CREATE
4180,UPDATE
47,READ
1897,DELETE
3066,LOGIN
8270,DELETE
3139,READ
9321,CREATE
6369,CREATE
5550,CREATE
1398,CREATE
6084,DELETE
6321,UPDATE
7152,DELETE
8648,UPDATE
1541,LOGOUT
3085,READ
4763,LOGIN
4932,UPDATE
4498,READ
6639,LOGIN
8521,CREATE
181,UPDATE
1717,READ
9400,UPDATE
215,READ
5975,UPDATE
7039,DELETE
3916,READ
7027,LOGIN
6861,LOGOUT
6756,UPDATE
4389,UPDATE
4676,LOGOUT
3546,READ
5230,DELETE
2059,UPDATE
2368,LOGOUT
7681,UPDATE
4045,LOGOUT
911,READ
6194,DELETE
5020,LOGIN
5451,LOGOUT
3043,READ
4133,READ
8181,LOGIN
6280,LOGOUT
7827,UPDATE
3258,DELETE
5405,READ
7660,LOGIN
9320,READ
9217,CREATE
3741,CREATE
5903,LOGIN
9096,UPDATE
7255,LOGOUT
5865,DELETE
5490,LOGOUT
9019,DELETE
1741,CREATE
2277,CREATE
9221,DELETE
9693,DELETE
1241,LOGIN
7986,CREATE
2929,DELETE
2317,UPDATE
7374,LOGOUT
9108,READ
6291,READ
5491,DELETE
3746,DELETE
1445,CREATE
2541,DELETE
1216,UPDATE
7162,LOGIN
2629,LOGOUT
1671,DELETE
6149,LOGOUT
3787,LOGIN
925,LOGIN
370,DELETE
1426,READ
9790,READ
4681,LOGIN
3544,READ
864,LOGIN
3235,LOGIN
7686,DELETE
9452,READ
1663,UPDATE
6376,LOGOUT
9154,CREATE
778,UPDATE
3307,CREATE
1850,DELETE
6033,READ
5966,DELETE
1939,CREATE
8688,CREATE
9706,DELETE
3032,READ
4599,LOGOUT
7308,DELETE
6605,UPDATE
7800,DELETE
497,CREATE
2300,LOGOUT
1815,CREATE
6469,READ
795,UPDATE
823,CREATE
5316,LOGOUT
1906,UPDATE
510,LOGIN
8294,CREATE
8266,DELETE
559,READ
7173,UPDATE
5549,LOGOUT
4553,DELETE
6028,DELETE
1212,READ
3881,UPDATE
6410,DELETE
3531,LOGOUT
3516,READ
4959,CREATE
8968,UPDATE
7068,DELETE
8804,CREATE
8874,CREATE
979,LOGOUT
8793,LOGIN
4587,LOGOUT
1805,DELETE
9546,CREATE
1551,DELETE
7278,LOGOUT
6828,LOGOUT
2949,UPDATE
1006,CREATE
4900,DELETE
2700,LOGIN
1877,DELETE
7487,LOGOUT
9438,UPDATE
9164,CREATE
4052,UPDATE
2575,READ
7665,READ
6426,UPDATE
5892,LOGIN
4491,LOGIN
4016,LOGIN
212,LOGIN
823,UPDATE
5309,UPDATE
5230,UPDATE
1917,UPDATE
5146,LOGOUT
4325,READ
3565,DELETE
7358,LOGOUT
1079,READ
8842,READ
6445,LOGIN
6876,READ
6050,CREATE
3414,CREATE
4993,READ
4269,CREATE
962,DELETE
1588,READ
2492,DELETE
4888,LOGOUT
3653,LOGOUT
4718,READ
5974,UPDATE
8947,LOGOUT
4554,UPDATE
2341,CREATE
6309,LOGOUT
1963,CREATE
1758,READ
5394,READ
5307,LOGIN
6525,LOGOUT
9467,UPDATE
3997,LOGOUT
6978,DELETE
97,LOGIN
4923,UPDATE
6344,LOGOUT
5736,UPDATE
9308,READ
3353,DELETE
2251,READ
1110,LOGIN
6282,UPDATE
8497,CREATE
5767,LOGOUT
6481,CREATE
6627,UPDATE
8551,DELETE
9326,READ
4142,CREATE
2811,LOGIN
8517,LOGOUT
3315,LOGOUT
7870,UPDATE
2774,READ
8038,READ
6620,LOGIN
1827,LOGOUT
1270,UPDATE
8341,UPDATE
6590,UPDATE
9426,LOGOUT
1660,LOGOUT
7376,LOGIN
2140,READ
9341,LOGOUT
3266,LOGIN
6485,LOGOUT
1935,LOGOUT
8801,READ
231,DELETE
1351,READ
9894,DELETE
5991,READ
6381,LOGOUT
9925,CREATE
5844,LOGOUT
5772,LOGIN
9303,CREATE
545,READ
5395,LOGOUT
194,READ
4203,READ
1190,DELETE
7690,DELETE
2049,READ
8780,UPDATE
8583,CREATE
5636,LOGIN
5525,DELETE
8923,READ
6896,LOGOUT
3666,LOGOUT
3730,UPDATE
233,CREATE
935,DELETE
4725,CREATE
2278,LOGIN
4462,DELETE
1799,UPDATE
7227,LOGOUT
6045,LOGIN
5741,LOGOUT
1382,CREATE
9256,DELETE
3801,LOGIN
1712,READ
2229,READ
3465,DELETE
9298,LOGIN
4306,CREATE
1123,LOGOUT
350,LOGIN
9249,DELETE
6699,CREATE
3716,DELETE
9744,LOGIN
8859,READ
8700,UPDATE
4677,READ
5124,CREATE
8502,LOGOUT
4265,LOGIN
1437,DELETE
9937,LOGOUT
1000,DELETE
726,READ
980,DELETE
3399,CREATE
32,CREATE
8162,LOGOUT
7236,LOGOUT
7419,UPDATE
6943,LOGOUT
2634,UPDATE
4644,UPDATE
9440,LOGIN
9430,DELETE
5029,DELETE
3803,LOGIN
4853,CREATE
2040,READ
4411,LOGOUT
5283,LOGIN
2593,CREATE
1573,DELETE
9090,READ
202,DELETE
9700,DELETE
7646,CREATE
6615,UPDATE
3019,CREATE
5107,UPDATE
1449,DELETE
3359,LOGOUT
4924,UPDATE
8585,LOGIN
5917,UPDATE
2953,LOGOUT
4295,DELETE
8037,CREATE
7970,LOGIN
2332,CREATE
2842,LOGOUT
902,LOGOUT
7957,READ
3577,LOGOUT
5322,UPDATE
2616,READ
1614,UPDATE
3330,READ
739,CREATE
305,READ
3754,CREATE
9994,CREATE
7523,CREATE
5937,READ
8526,CREATE
2476,UPDATE
9869,DELETE
4054,LOGOUT
8867,UPDATE
7173,LOGIN
5569,LOGIN
7917,READ
2314,CREATE
8375,DELETE
1279,UPDATE
8794,CREATE
9366,LOGIN
603,DELETE
2635,READ
6005,CREATE
9058,UPDATE
162,UPDATE
3197,LOGIN
8093,LOGIN
9128,UPDATE
8281,CREATE
5969,DELETE
858,CREATE
2726,DELETE
1412,LOGIN
9726,DELETE
4672,LOGOUT
4810,UPDATE
1595,LOGOUT
7946,UPDATE
8473,LOGOUT
8768,UPDATE
7882,READ
6065,UPDATE
9267,LOGIN
4386,LOGIN
3084,DELETE
1481,DELETE
3521,CREATE
9257,READ
9349,READ
3900,LOGOUT
618,LOGOUT
1956,LOGIN
8329,CREATE
4504,DELETE
344,UPDATE
8288,READ
2730,DELETE
3680,LOGOUT
6711,CREATE
2456,LOGOUT
8060,READ
8340,LOGIN
6059,LOGIN
9238,LOGOUT
4508,UPDATE
3629,LOGIN
1688,LOGIN
2725,READ
5242,CREATE
4339,READ
9507,DELETE
6860,UPDATE
2595,DELETE
3796,READ
4161,DELETE
588,READ
8742,CREATE
9453,UPDATE
4565,LOGIN
8619,CREATE
2915,LOGOUT
7405,LOGIN
8675,DELETE
2455,READ
9055,LOGIN
1227,LOGIN
1266,UPDATE
2129,LOGIN
7336,LOGIN
4967,READ
6643,LOGIN
4049,UPDATE
5879,LOGOUT
2969,UPDATE
5400,CREATE
9809,LOGIN
3086,CREATE
9512,DELETE
6833,LOGOUT
307,DELETE
2090,LOGIN
2315,LOGIN
2109,READ
4600,LOGOUT
4541,LOGIN
9048,UPDATE
819,UPDATE
5403,READ
3035,LOGOUT
4854,LOGOUT
2826,DELETE
2623,CREATE
2532,LOGOUT
9978,LOGIN
3424,CREATE
7292,UPDATE
5341,LOGOUT
4501,DELETE
2282,READ
8332,READ
9155,DELETE
8264,UPDATE
8407,DELETE
6290,LOGIN
1025,LOGIN
9496,DELETE
1575,CREATE
2909,LOGOUT
1863,LOGOUT
3325,CREATE
9261,LOGIN
6611,DELETE
4836,LOGOUT
3871,READ
5578,READ
3150,UPDATE
559,READ
9634,CREATE
6100,UPDATE
5584,DELETE
2172,LOGOUT
8754,DELETE
8392,UPDATE
1694,READ
1089,UPDATE
7592,CREATE
1492,DELETE
3618,UPDATE
6243,DELETE
6035,CREATE
3967,READ
1659,UPDATE
4527,UPDATE
7900,DELETE
8132,LOGIN
3324,LOGOUT
175,LOGOUT
6697,READ
9477,DELETE
6041,DELETE
3960,CREATE
4157,CREATE
3593,READ
4978,DELETE
2403,LOGOUT
1200,DELETE
9931,CREATE
4469,CREATE
2001,LOGIN
5022,LOGOUT
8034,DELETE
5827,CREATE
8397,UPDATE
218,READ
2845,CREATE
9604,LOGIN
488,READ
3878,UPDATE
9766,UPDATE
409,UPDATE
5847,READ
762,LOGIN
6581,LOGOUT
2672,LOGOUT
6958,CREATE
4292,CREATE
3244,CREATE
344,UPDATE
5103,LOGOUT
7329,UPDATE
9097,UPDATE
3308,LOGOUT
834,DELETE
6618,DELETE
5232,DELETE
9290,READ
2594,LOGOUT
5105,LOGIN
9337,LOGOUT
3053,CREATE
1276,UPDATE
4199,UPDATE
4719,CREATE
7646,READ
2107,LOGOUT
7247,LOGOUT
8028,DELETE
1841,READ
5495,CREATE
9579,READ
6906,CREATE
3639,LOGIN
7572,LOGIN
9940,CREATE
5905,UPDATE
7820,CREATE
1347,LOGIN
7479,CREATE
1799,LOGOUT
1160,LOGIN
3357,UPDATE
1388,CREATE
5090,LOGOUT
738,UPDATE
5346,LOGIN
341,READ
8607,LOGIN
5467,READ
4534,LOGOUT
1845,LOGOUT
7946,LOGIN
4469,DELETE
537,CREATE
6216,READ
2765,DELETE
3486,READ
233,DELETE
6457,LOGIN
3243,LOGOUT
7543,READ
7016,DELETE
7273,UPDATE
553,LOGOUT
3112,UPDATE
201,LOGOUT
9507,UPDATE
4442,UPDATE
9894,READ
1536,LOGOUT
4840,LOGIN
1063,DELETE
2554,DELETE
7094,DELETE
9816,LOGIN
9735,CREATE
456,READ
9630,LOGIN
293,CREATE
6734,CREATE
6180,READ
9547,UPDATE
7064,CREATE
9747,DELETE
1365,LOGOUT
3865,LOGOUT
2613,READ
9646,LOGIN
9876,DELETE
9606,CREATE
2894,CREATE
4227,READ
9337,LOGOUT
5121,DELETE
5702,LOGOUT
2676,UPDATE
8816,UPDATE
8645,READ
4381,DELETE
2134,UPDATE
158,CREATE
4123,UPDATE
7436,UPDATE
1368,READ
9410,READ
555,UPDATE
1629,CREATE
3405,CREATE
5853,READ
8194,CREATE
8758,UPDATE
8728,LOGIN
5083,READ
1508,LOGOUT
2872,CREATE
27,LOGOUT
4314,CREATE
4847,LOGIN
5315,CREATE
905,DELETE
3919,CREATE
9888,LOGOUT
7648,CREATE
7983,LOGIN
7535,DELETE
8512,READ
4448,READ
5660,READ
6338,LOGOUT
2013,LOGOUT
5346,LOGIN
6185,LOGOUT
9220,CREATE
3327,READ
893,LOGOUT
2358,CREATE
6980,LOGIN
1472,LOGIN
9302,DELETE
7637,CREATE
5240,READ
6185,UPDATE
2758,UPDATE
5880,UPDATE
8109,CREATE
8327,DELETE
9033,LOGIN
9230,CREATE
8612,LOGOUT
6549,DELETE
4882,CREATE
4174,LOGOUT
4015,READ
8594,UPDATE
1679,CREATE
9248,LOGIN
205,UPDATE
1421,READ
6580,READ
2697,DELETE
8990,CREATE
405,READ
3328,UPDATE
1548,CREATE
4375,CREATE
6516,DELETE
2821,UPDATE
5318,LOGIN
6114,READ
9022,LOGIN
4687,LOGIN
5976,READ
6883,LOGIN
6679,DELETE
66,LOGIN
4053,UPDATE
8917,LOGOUT
2248,CREATE
7327,LOGOUT
9197,UPDATE
8876,CREATE
5540,READ
6084,DELETE
1593,DELETE
4793,DELETE
4904,LOGIN
4490,READ
326,UPDATE
8681,LOGOUT
1993,CREATE
5566,CREATE
8207,UPDATE
1342,DELETE
9867,DELETE
7851,LOGOUT
133,UPDATE
1408,UPDATE
2566,READ
3202,READ
703,CREATE
3918,DELETE
3675,LOGIN
1653,LOGOUT
8253,CREATE
8354,LOGOUT
4940,UPDATE
3983,DELETE
3622,LOGOUT
9966,UPDATE
5844,READ
5121,UPDATE
4494,CREATE
9266,DELETE
1088,UPDATE
2260,CREATE
6713,DELETE
2691,READ
2900,DELETE
989,READ
7104,UPDATE
8547,UPDATE
3653,DELETE
6282,CREATE
3508,UPDATE
2618,LOGOUT
7572,UPDATE
8109,CREATE
2453,READ
9871,LOGOUT
8202,CREATE
5191,LOGIN
8493,LOGIN
6065,READ
9268,UPDATE
8630,CREATE
2346,UPDATE
4872,UPDATE
7455,LOGOUT
3272,LOGIN
3737,DELETE
7955,READ
2381,UPDATE
5831,UPDATE
1288,UPDATE
6511,CREATE
670,DELETE
7463,LOGOUT
4883,UPDATE
5400,UPDATE
3695,UPDATE
1015,DELETE
5122,READ
3858,READ
3920,READ
7134,UPDATE
2513,DELETE
5493,UPDATE
6905,LOGOUT
5993,LOGOUT
3472,LOGOUT
3909,READ
8462,LOGIN
498,LOGOUT
6869,LOGOUT
7566,LOGIN
4015,UPDATE
2426,UPDATE
2405,READ
6534,DELETE
7324,LOGOUT
162,UPDATE
3400,READ
8121,UPDATE
3828,LOGOUT
5975,LOGOUT
720,UPDATE
6506,LOGOUT
7912,UPDATE
6429,LOGOUT
626,LOGOUT
3325,LOGIN
4281,UPDATE
9065,LOGIN
7061,DELETE
9201,LOGIN
4146,READ
2433,CREATE
417,LOGIN
418,UPDATE
3545,DELETE
7440,READ
6510,UPDATE
5656,CREATE
3551,READ
5869,UPDATE
4067,LOGIN
628,READ
5480,CREATE
6178,CREATE
2415,LOGIN
5134,LOGIN
602,READ
3841,LOGIN
1085,DELETE
8547,CREATE
4512,CREATE
4977,LOGIN
447,LOGOUT
8320,LOGOUT
8030,CREATE
4904,DELETE
689,UPDATE
8569,DELETE
6250,READ
1280,UPDATE
6887,CREATE
8316,UPDATE
2440,DELETE
1228,DELETE
7259,CREATE
2664,READ
2111,LOGOUT
6652,LOGIN
3087,LOGOUT
9768,LOGOUT
5427,LOGOUT
6735,CREATE
179,UPDATE
1416,UPDATE
745,LOGOUT
1557,DELETE
1390,READ
7740,UPDATE
5607,UPDATE
6821,READ
9593,DELETE
2818,READ
8539,DELETE
8365,CREATE
4387,DELETE
2419,LOGOUT
725,CREATE
1296,LOGIN
1450,READ
5776,LOGOUT
6911,CREATE
2699,DELETE
1335,LOGOUT
7711,CREATE
261,DELETE
2846,CREATE
6756,DELETE
7486,CREATE
3914,UPDATE
5686,LOGOUT
3381,DELETE
6924,READ
2313,CREATE
7659,DELETE
7581,LOGIN
5130,CREATE
8498,DELETE
1807,CREATE
9919,READ
1170,LOGIN
5307,DELETE
5094,LOGIN
7576,CREATE
3754,LOGOUT
3432,LOGOUT
4927,UPDATE
6579,READ
6043,CREATE
2430,LOGOUT
1871,READ
6818,LOGOUT
1928,LOGIN
5078,LOGOUT
2050,READ
9844,CREATE
1887,DELETE
1056,CREATE
6003,LOGOUT
6605,CREATE
1203,LOGOUT
7281,UPDATE
6798,LOGIN
9250,LOGIN
954,DELETE
4059,LOGIN
2968,DELETE
2986,LOGOUT
2607,LOGIN
8253,LOGOUT
8826,UPDATE
1704,DELETE
6935,LOGIN
8725,UPDATE
5223,LOGOUT
6445,LOGIN
6814,READ
5049,DELETE
9442,READ
9656,UPDATE
9824,DELETE
6290,CREATE
4520,LOGOUT
2974,LOGIN
5557,CREATE
5120,LOGOUT
6208,LOGIN
9137,CREATE
5165,CREATE
9194,LOGOUT
9277,DELETE
7980,UPDATE
9950,CREATE
8705,LOGOUT
7509,CREATE
4572,LOGIN
1836,DELETE
7757,UPDATE
3143,LOGIN
8828,LOGIN
2706,READ
4780,LOGOUT
9741,LOGOUT
6066,CREATE
8542,LOGOUT
1245,CREATE
4946,CREATE
5276,CREATE
4559,UPDATE
4771,READ
8113,UPDATE
152,READ
7664,UPDATE
743,CREATE
4222,READ
3531,UPDATE
9792,READ
1049,UPDATE
5699,CREATE
2022,READ
4855,DELETE
7555,READ
5758,LOGIN
6508,CREATE
962,CREATE
45,LOGOUT
4029,UPDATE
399,DELETE
6991,UPDATE
8782,READ
2993,LOGOUT
4608,DELETE
1931,CREATE
4081,LOGOUT
3757,UPDATE
8488,READ
9264,DELETE
9690,LOGIN
3354,DELETE
6195,CREATE
8032,DELETE
3671,LOGOUT
3953,CREATE
8722,READ
768,CREATE
5826,READ
3673,LOGOUT
889,UPDATE
1795,LOGIN
7610,DELETE
927,LOGIN
6651,READ
6399,CREATE
5637,CREATE
3669,READ
5886,CREATE
2130,READ
5183,READ
5109,CREATE
3511,LOGOUT
4127,UPDATE
3925,LOGOUT
5597,READ
9,LOGOUT
9868,DELETE
7278,UPDATE
6400,LOGIN
2420,LOGOUT
4370,UPDATE
6654,LOGOUT
6433,UPDATE
5010,DELETE
9469,CREATE
9196,CREATE
828,DELETE
2700,LOGOUT
5177,CREATE
3451,LOGIN
4259,DELETE
9948,READ
6684,UPDATE
5879,CREATE
4518,LOGOUT
4503,LOGIN
2216,READ
1521,CREATE
4212,CREATE
8521,UPDATE
4505,LOGOUT
1131,UPDATE
9248,CREATE
7054,CREATE
8418,DELETE
488,LOGIN
3737,LOGIN
9507,DELETE
6567,DELETE
1676,CREATE
9612,UPDATE
8246,DELETE
4860,UPDATE
8581,DELETE
8370,LOGIN
2749,READ
1717,READ
3401,CREATE
7068,LOGOUT
8591,DELETE
2461,READ
4704,DELETE
4642,LOGIN
6948,READ
9776,CREATE
8459,UPDATE
9251,LOGOUT
3885,UPDATE
6005,UPDATE
1562,LOGOUT
2340,LOGIN
2241,LOGOUT
8451,CREATE
6520,READ
2499,LOGIN
3853,LOGOUT
1609,LOGOUT
2408,DELETE
3441,UPDATE
5538,LOGOUT
1913,CREATE
8727,READ
7911,CREATE
996,CREATE
5224,DELETE
7580,READ
9228,CREATE
2412,DELETE
5610,CREATE
8414,LOGIN
5260,LOGOUT
9969,DELETE
1279,CREATE
7326,LOGOUT
2921,DELETE
7498,READ
7794,READ
1406,DELETE
4669,DELETE
6520,READ
3876,CREATE
9202,DELETE
9891,LOGIN
1740,UPDATE
4250,UPDATE
7984,UPDATE
9167,READ
5352,UPDATE
5344,UPDATE
539,LOGOUT
3597,LOGOUT
5156,READ
9161,UPDATE
4507,READ
7604,DELETE
2481,READ
7914,UPDATE
856,DELETE
7511,CREATE
7320,READ
3820,LOGOUT
6494,DELETE
6815,LOGOUT
5292,DELETE
2368,UPDATE
9876,DELETE
8524,CREATE
7939,LOGOUT
4062,READ
8718,READ
4811,LOGIN
210,LOGIN
721,DELETE
433,CREATE
5015,DELETE
6596,LOGOUT
20,READ
1167,LOGIN
1262,CREATE
5052,LOGIN
2660,CREATE
6792,READ
9837,DELETE
7762,DELETE
9237,UPDATE
9734,LOGOUT
8546,READ
5306,LOGOUT
4254,LOGOUT
3190,UPDATE
5531,LOGIN
299,READ
1887,DELETE
778,UPDATE
1520,CREATE
2753,READ
575,UPDATE
2241,READ
8601,CREATE
5642,READ
9679,LOGIN
7686,LOGOUT
6786,CREATE
4412,LOGOUT
1493,READ
1843,LOGIN
8794,DELETE
8071,LOGIN
4951,READ
7152,LOGOUT
773,DELETE
5904,READ
9668,READ
6480,READ
5700,CREATE
3907,READ
1701,UPDATE
8929,LOGIN
1082,DELETE
2663,LOGIN
580,UPDATE
2758,LOGIN
7150,LOGOUT
9609,CREATE
9876,DELETE
5954,CREATE
7825,READ
4876,LOGIN
3859,LOGIN
6043,DELETE
3820,UPDATE
4520,DELETE
8790,READ
9443,CREATE
7290,LOGOUT
1513,UPDATE
7621,LOGIN
6845,DELETE
677,LOGOUT
6499,LOGIN
6843,LOGIN
783,READ
8933,DELETE
5572,UPDATE
7817,UPDATE
6774,UPDATE
5520,CREATE
6300,CREATE
4185,DELETE
6412,UPDATE
6220,LOGOUT
9156,DELETE
5068,READ
7212,LOGOUT
3141,LOGOUT
3937,DELETE
2415,DELETE
1690,DELETE
2879,UPDATE
7196,LOGIN
1651,LOGOUT
6122,LOGIN
4324,CREATE
4804,CREATE
1988,READ
9830,UPDATE
4737,READ
8013,CREATE
5953,CREATE
8404,LOGIN
8264,LOGIN
8219,CREATE
8233,UPDATE
6870,CREATE
3588,UPDATE
7551,UPDATE
3709,CREATE
2159,UPDATE
6294,DELETE
8864,LOGOUT
1194,UPDATE
1163,LOGIN
106,LOGOUT
4327,UPDATE
7129,UPDATE
9650,READ
3866,DELETE
6134,LOGIN
2148,LOGOUT
5777,LOGOUT
5697,LOGOUT
6353,LOGOUT
3147,LOGIN
4956,READ
2061,LOGOUT
7933,CREATE
6287,UPDATE
8264,UPDATE
9346,LOGIN
237,LOGOUT
1310,LOGOUT
4129,DELETE
6519,CREATE
8569,DELETE
6275,LOGIN
1891,READ
6597,LOGOUT
7877,CREATE
2828,LOGOUT
1024,CREATE
7277,READ
1689,CREATE
2452,LOGOUT
4641,CREATE
1105,READ
3660,LOGOUT
5425,UPDATE
590,UPDATE
9677,LOGOUT
7886,UPDATE
3290,LOGOUT
1528,UPDATE
5462,UPDATE
6845,DELETE
3242,LOGOUT
1524,LOGIN
9921,UPDATE
8699,READ
2829,UPDATE
3510,READ
4274,READ
4339,LOGOUT
213,DELETE
8667,CREATE
8229,CREATE
5826,DELETE
7163,CREATE
5364,UPDATE
7578,LOGIN
480,CREATE
5598,LOGIN
3215,CREATE
7918,READ
5769,UPDATE
6349,LOGIN
2466,CREATE
1497,LOGIN
9661,LOGOUT
5243,LOGIN
5093,CREATE
4293,DELETE
6257,UPDATE
7502,CREATE
9874,UPDATE
7761,LOGIN
9934,CREATE
1601,CREATE
1740,LOGIN
592,READ
9030,CREATE
2691,LOGIN
4518,LOGIN
4543,CREATE
1054,LOGOUT
3592,READ
8985,DELETE
8441,DELETE
9085,UPDATE
8370,CREATE
9055,CREATE
5176,CREATE
3312,CREATE
5947,LOGOUT
5480,UPDATE
2300,LOGOUT
6122,LOGIN
2386,LOGIN
3711,LOGOUT
4308,READ
9682,UPDATE
3600,READ
4801,LOGIN
441,LOGOUT
3271,DELETE
1420,CREATE
2197,DELETE
4721,CREATE
4897,CREATE
2191,UPDATE
8201,DELETE
2217,READ
4442,READ
9672,READ
7043,READ
2960,CREATE
6932,READ
9247,CREATE
1776,DELETE
2084,CREATE
7135,CREATE
2510,LOGOUT
3375,LOGIN
9693,LOGOUT
6683,UPDATE
5953,UPDATE
5045,LOGOUT
620,LOGOUT
2455,UPDATE
5722,DELETE
2841,CREATE
1511,READ
6482,DELETE
6642,LOGIN
3247,DELETE
2976,CREATE
7629,LOGOUT
3368,READ
2858,CREATE
245,LOGOUT
346,LOGIN
1395,READ
1537,UPDATE
7824,DELETE
3296,LOGIN
9264,DELETE
4888,DELETE
3149,LOGIN
3454,UPDATE
9471,CREATE
8561,CREATE
3146,DELETE
4870,DELETE
742,DELETE
3882,UPDATE
8207,UPDATE
9067,READ
353,DELETE
6948,CREATE
5677,UPDATE
2833,READ
6533,LOGIN
3449,DELETE
8847,DELETE
3456,LOGIN
4213,DELETE
2663,LOGIN
3496,READ
4132,READ
3133,READ
7818,READ
3660,CREATE
5648,READ
4047,CREATE
4270,DELETE
1730,UPDATE
4411,CREATE
715,READ
234,READ
4996,CREATE
1609,DELETE
5216,DELETE
4427,UPDATE
7736,DELETE
8391,READ
2970,LOGIN
1021,DELETE
8622,UPDATE
5818,DELETE
6390,LOGOUT
5713,LOGOUT
4772,CREATE
4825,READ
2245,UPDATE
5603,UPDATE
3165,LOGIN
60,LOGOUT
8394,UPDATE
3996,CREATE
611,READ
5832,READ
7483,LOGOUT
5057,UPDATE
4430,READ
2394,LOGOUT
7672,READ
704,UPDATE
47,CREATE
9012,CREATE
2807,LOGIN
9989,LOGOUT
9628,READ
2705,READ
6342,DELETE
5025,DELETE
7765,READ
6719,UPDATE
7823,LOGIN
2302,READ
4399,LOGIN
1892,LOGIN
4008,READ
763,LOGIN
1364,LOGOUT
7866,CREATE
5539,CREATE
7652,LOGIN
2929,CREATE
6512,LOGIN
6922,DELETE
9634,CREATE
1380,DELETE
1984,DELETE
1121,DELETE
7298,CREATE
370,UPDATE
6632,CREATE
5274,UPDATE
7895,LOGOUT
8537,LOGIN
4380,DELETE
4184,LOGOUT
3544,DELETE
5854,LOGIN
8036,DELETE
1261,CREATE
1163,LOGIN
9295,UPDATE
5043,DELETE
2972,DELETE
3961,LOGIN
375,UPDATE
8461,LOGOUT
2645,CREATE
9349,LOGOUT
3172,DELETE
9937,UPDATE
9531,LOGOUT
4950,LOGOUT
2309,READ
7972,LOGIN
9214,CREATE
8257,LOGIN
4836,CREATE
3411,LOGIN
1398,LOGOUT
4430,UPDATE
2168,DELETE
3498,LOGOUT
3171,CREATE
3445,LOGIN
4686,LOGIN
5969,READ
1807,LOGOUT
6395,CREATE
973,READ
4471,CREATE
7856,UPDATE
1280,CREATE
1322,LOGIN
810,LOGIN
297,DELETE
2659,DELETE
5660,LOGOUT
6343,READ
4524,DELETE
6158,READ
9867,LOGIN
7476,UPDATE
2288,LOGOUT
8488,LOGOUT
9558,DELETE
6412,LOGOUT
5709,DELETE
8161,DELETE
2341,LOGOUT
5753,DELETE
7766,READ
8388,READ
3259,CREATE
4510,LOGIN
696,UPDATE
2129,CREATE
540,READ
1141,UPDATE
8810,UPDATE
2679,READ
9687,UPDATE
2176,LOGIN
8438,CREATE
4357,DELETE
7839,LOGIN
8851,DELETE
3211,READ
3606,LOGOUT
8530,LOGOUT
2171,READ
677,UPDATE
3118,READ
4777,UPDATE
4298,LOGIN
7700,UPDATE
4531,LOGOUT
1366,LOGOUT
7611,LOGOUT
7626,CREATE
559,CREATE
6954,READ
1897,READ
7898,UPDATE
5433,UPDATE
1060,UPDATE
2678,READ
31,LOGIN
2462,LOGOUT
5573,READ
2828,READ
588,LOGOUT
1251,LOGIN
7099,LOGIN
5936,CREATE
3542,READ
9553,LOGOUT
3368,CREATE
8947,LOGOUT
6682,READ
5690,READ
683,CREATE
7586,UPDATE
3731,LOGOUT
1569,CREATE
2,READ
8370,LOGIN
6814,LOGOUT
8809,LOGIN
6560,LOGIN
4325,LOGIN
2998,CREATE
9096,LOGOUT
3052,CREATE
527,LOGOUT
4866,LOGOUT
8357,LOGOUT
1163,CREATE
1053,DELETE
9523,DELETE
9973,CREATE
6439,LOGOUT
7944,DELETE
4236,READ
8836,LOGIN
5660,CREATE
4006,UPDATE
1140,LOGIN
3826,UPDATE
7659,LOGOUT
7554,UPDATE
4962,LOGIN
5913,LOGOUT
7658,UPDATE
7735,READ
8140,CREATE
8414,DELETE
7424,DELETE
9866,LOGOUT
7994,READ
7656,READ
1041,DELETE
9017,DELETE
7228,UPDATE
9460,READ
848,LOGOUT
5772,DELETE
5781,LOGIN
493,UPDATE
259,UPDATE
8764,LOGOUT
212,CREATE
1913,LOGOUT
7920,LOGOUT
9606,READ
4050,UPDATE
3355,DELETE
3572,LOGIN
6400,LOGOUT
2702,UPDATE
5222,CREATE
5727,DELETE
6242,CREATE
7891,LOGIN
8314,LOGIN
6384,UPDATE
7850,DELETE
6304,UPDATE
1404,UPDATE
6761,DELETE
6511,DELETE
9456,LOGIN
2359,LOGOUT
2406,READ
1869,UPDATE
560,DELETE
4558,READ
2864,UPDATE
6389,DELETE
987,LOGOUT
6560,READ
7512,READ
8522,UPDATE
9758,CREATE
5889,DELETE
8892,LOGOUT
2574,DELETE
6257,CREATE
8341,READ
5728,UPDATE
8018,LOGOUT
5778,UPDATE
1153,LOGIN
2021,DELETE
2013,UPDATE
3965,CREATE
5754,UPDATE
5325,DELETE
5244,CREATE
4657,LOGOUT
4951,LOGIN
4747,LOGIN
7248,CREATE
8272,DELETE
8823,READ
1571,CREATE
1776,UPDATE
9616,CREATE
912,CREATE
8757,READ
2115,READ
9078,UPDATE
3378,DELETE
8470,CREATE
2235,READ
7240,READ
9032,DELETE
3765,LOGIN
1569,DELETE
6893,CREATE
6827,CREATE
190,DELETE
5254,UPDATE
8704,CREATE
5738,CREATE
6047,READ
5906,LOGIN
5460,CREATE
1808,READ
210,CREATE
4280,UPDATE
6667,DELETE
9038,LOGIN
8972,LOGIN
535,DELETE
9883,LOGIN
6048,UPDATE
1981,DELETE
4534,UPDATE
3755,READ
7256,UPDATE
3213,READ
637,LOGIN
8749,DELETE
236,CREATE
6312,LOGOUT
3489,LOGIN
1738,READ
116,LOGOUT
2027,DELETE
1367,CREATE
2045,LOGOUT
9338,LOGIN
2192,CREATE
1166,READ
6882,CREATE
147,READ
4776,LOGIN
8639,LOGIN
2196,LOGOUT
9003,CREATE
4803,LOGIN
3109,DELETE
6986,LOGIN
2030,CREATE
5271,UPDATE
2545,READ
5833,UPDATE
6907,DELETE
7300,LOGIN
7774,LOGOUT
4476,LOGIN
7439,UPDATE
6672,CREATE
3553,LOGOUT
1077,CREATE
468,CREATE
7076,DELETE
6063,LOGIN
5383,CREATE
2473,CREATE
941,READ
6294,UPDATE
9962,LOGOUT
8746,CREATE
758,CREATE
2431,LOGIN
5551,DELETE
643,CREATE
6743,LOGIN
4958,DELETE
5789,DELETE
2154,LOGIN
5471,LOGOUT
9511,DELETE
8107,CREATE
2142,DELETE
4892,UPDATE
3291,UPDATE
4681,READ
8682,CREATE
202,UPDATE
1363,CREATE
6465,CREATE
1432,UPDATE
9110,LOGIN
8022,READ
34,UPDATE
5620,READ
238,LOGOUT
7875,CREATE
6559,READ
4846,CREATE
7908,UPDATE
9788,DELETE
8483,DELETE
4329,LOGIN
8334,LOGIN
4473,LOGOUT
8557,LOGIN
1220,CREATE
8349,DELETE
2747,LOGOUT
1040,UPDATE
3965,READ
3761,UPDATE
9791,DELETE
6961,CREATE
6745,DELETE
8141,READ
8951,DELETE
178,UPDATE
502,UPDATE
1405,DELETE
7538,LOGIN
3827,CREATE
9905,DELETE
6614,LOGIN
4512,CREATE
5241,DELETE
3324,CREATE
9366,CREATE
6060,CREATE
3359,LOGOUT
7798,DELETE
297,LOGIN
8851,CREATE
7983,LOGIN
1134,READ
3686,LOGIN
1377,LOGOUT
7385,DELETE
8559,READ
2350,UPDATE
5442,LOGIN
3731,READ
1289,LOGOUT
5279,LOGOUT
8534,LOGIN
125,LOGIN
1445,DELETE
182,CREATE
5187,CREATE
5219,LOGIN
2407,UPDATE
5001,DELETE
7443,READ
3697,LOGOUT
5484,LOGIN
5201,LOGIN
9484,LOGIN
630,LOGOUT
2991,READ
3319,READ
779,LOGOUT
5434,DELETE
7666,LOGIN
9238,DELETE
3294,READ
3386,DELETE
8515,CREATE
3395,LOGIN
8691,CREATE
7818,LOGIN
27,UPDATE
5871,READ
4902,READ
877,DELETE
3821,DELETE
301,UPDATE
7774,LOGOUT
7794,CREATE
5755,LOGOUT
3759,LOGOUT
9173,CREATE
1073,LOGOUT
271,LOGIN
6229,LOGIN
4045,UPDATE
4992,READ
3632,UPDATE
7660,CREATE
7230,UPDATE
7693,LOGOUT
6404,UPDATE
6182,LOGOUT
4246,READ
8275,LOGIN
4775,UPDATE
6115,DELETE
99,CREATE
498,READ
9212,UPDATE
2230,LOGIN
874,UPDATE
2021,READ
3757,READ
9480,LOGOUT
5891,CREATE
1938,LOGOUT
8279,LOGOUT
7644,CREATE
8914,READ
7236,DELETE
5033,DELETE
926,DELETE
5285,UPDATE
6495,READ
8840,UPDATE
187,READ
5742,LOGIN
1079,LOGOUT
7398,READ
3203,READ
2280,UPDATE
3994,LOGOUT
2739,DELETE
634,UPDATE
5012,CREATE
1650,READ
4652,LOGOUT
1522,DELETE
5134,DELETE
7902,CREATE
4337,UPDATE
9048,LOGIN
2753,UPDATE
8110,READ
9354,LOGIN
9917,LOGOUT
1613,LOGOUT
2926,CREATE
4966,UPDATE
5010,READ
182,LOGOUT
9986,LOGOUT
9732,UPDATE
574,UPDATE
8843,READ
9238,LOGOUT
9178,UPDATE
8236,UPDATE
7206,LOGOUT
6610,LOGIN
3274,LOGOUT
2002,DELETE
4135,LOGIN
1905,UPDATE
900,LOGOUT
4356,LOGOUT
1956,UPDATE
9073,LOGIN
6804,LOGOUT
7218,DELETE
8921,UPDATE
1275,CREATE
2193,CREATE
2014,DELETE
6238,CREATE
2348,LOGOUT
9616,LOGIN
4634,DELETE
3025,LOGIN
1504,UPDATE
2328,UPDATE
7365,CREATE
2842,READ
8190,CREATE
161,READ
9956,UPDATE
1119,CREATE
6090,DELETE
9323,READ
8046,LOGIN
1099,DELETE
7400,LOGOUT
8962,DELETE
3238,READ
4383,DELETE
1657,LOGOUT
8053,LOGOUT
970,DELETE
2704,CREATE
1333,UPDATE
1189,READ
6083,UPDATE
6701,LOGIN
7747,READ
879,READ
2157,DELETE
2381,CREATE
5638,LOGIN
68,LOGIN
6609,READ
4090,READ
9312,READ
7129,DELETE
7293,LOGIN
3323,LOGIN
4575,DELETE
7248,READ
4994,CREATE
6842,LOGOUT
2422,LOGIN
2499,DELETE
3070,READ
9638,LOGIN
6968,CREATE
3185,CREATE
7579,READ
5279,DELETE
7987,UPDATE
2106,READ
731,LOGOUT
7553,CREATE
1990,LOGIN
2938,LOGOUT
9600,LOGOUT
5470,READ
7837,UPDATE
5942,UPDATE
6054,DELETE
431,READ
5992,READ
5535,UPDATE
3894,LOGOUT
2261,LOGOUT
5145,CREATE
9560,LOGIN
5459,LOGOUT
1239,CREATE
3680,READ
4364,LOGIN
5795,DELETE
8060,UPDATE
1582,CREATE
5781,LOGIN
8452,UPDATE
3444,LOGOUT
8815,UPDATE
5311,LOGOUT
87,UPDATE
5550,LOGOUT
2106,CREATE
1354,DELETE
9139,READ
2773,READ
8648,UPDATE
5260,UPDATE
2387,LOGIN
4756,CREATE
993,DELETE
9472,LOGIN
6162,CREATE
6327,CREATE
8169,LOGOUT
6429,UPDATE
8381,CREATE
6543,CREATE
6394,DELETE
4139,LOGIN
6001,READ
8356,LOGOUT
1110,LOGIN
3905,UPDATE
7404,UPDATE
8130,LOGIN
4568,DELETE
9127,CREATE
3927,CREATE
9801,READ
4084,READ
672,LOGIN
6384,CREATE
407,LOGOUT
9327,UPDATE
171,LOGOUT
9282,UPDATE
9616,UPDATE
3345,LOGIN
9224,UPDATE
9532,DELETE
7436,LOGOUT
2082,READ
8796,UPDATE
474,UPDATE
5487,UPDATE
8188,DELETE
692,READ
4312,READ
7940,DELETE
8833,UPDATE
7572,LOGOUT
9471,LOGIN
1771,UPDATE
7705,READ
4027,LOGOUT
7049,DELETE
444,LOGOUT
71,CREATE
2588,CREATE
6491,DELETE
1018,LOGIN
2623,CREATE
7194,LOGIN
1152,LOGOUT
5545,UPDATE
3523,LOGIN
431,DELETE
223,CREATE
7137,CREATE
5879,READ
1083,CREATE
4506,LOGIN
1313,LOGOUT
4719,CREATE
3457,CREATE
6991,DELETE
2300,LOGOUT
5293,LOGOUT
612,LOGOUT
8984,READ
8612,LOGOUT
9941,LOGIN
3335,LOGOUT
4370,DELETE
7567,LOGOUT
9950,UPDATE
2895,LOGIN
1025,DELETE
8886,DELETE
9132,LOGOUT
4349,UPDATE
8593,READ
6768,CREATE
229,LOGIN
7317,LOGOUT
8278,CREATE
4286,CREATE
3460,READ
8209,UPDATE
9050,UPDATE
5341,DELETE
2118,UPDATE
1829,LOGOUT
9617,UPDATE
5375,DELETE
3398,CREATE
5707,READ
1108,UPDATE
734,LOGIN
1985,READ
1375,LOGIN
6297,UPDATE
3530,READ
855,UPDATE
2963,CREATE
4114,LOGIN
5755,CREATE
5250,UPDATE
1877,CREATE
4492,LOGOUT
1019,DELETE
6714,UPDATE
1538,READ
2166,UPDATE
7752,UPDATE
243,LOGOUT
7453,LOGIN
2668,LOGOUT
5895,UPDATE
713,UPDATE
2405,DELETE
2940,LOGIN
8533,LOGOUT
2318,CREATE
2207,READ
4529,DELETE
1012,LOGIN
7151,UPDATE
3536,DELETE
7894,LOGIN
5872,LOGOUT
1841,UPDATE
5330,DELETE
2752,DELETE
1906,READ
1201,LOGOUT
2273,LOGOUT
4570,LOGOUT
239,LOGIN
4725,UPDATE
8206,READ
5824,LOGIN
6863,LOGIN
7332,LOGIN
180,CREATE
1952,READ
2218,READ
7123,UPDATE
243,LOGIN
3491,UPDATE
7906,READ
1110,CREATE
5989,LOGOUT
4895,LOGIN
7207,UPDATE
7630,LOGOUT
6791,READ
1639,READ
5734,UPDATE
9924,LOGOUT
1309,LOGOUT
6496,UPDATE
6010,CREATE
5288,DELETE
3255,DELETE
4031,READ
306,LOGOUT
6130,LOGIN
1152,CREATE
4674,UPDATE
453,LOGOUT
8626,READ
6224,CREATE
4972,UPDATE
7369,DELETE
5713,READ
6971,LOGOUT
4033,DELETE
879,LOGOUT
2575,CREATE
4045,LOGIN
2039,READ
7901,LOGOUT
313,LOGOUT
9262,LOGOUT
4585,READ
1736,CREATE
516,CREATE
8954,READ
2938,READ
4284,DELETE
6253,CREATE
2536,DELETE
3112,CREATE
5732,UPDATE
4928,LOGIN
1904,LOGIN
2066,LOGIN
4431,LOGIN
7084,LOGOUT
2649,CREATE
6912,LOGIN
8433,DELETE
7056,READ
3752,LOGOUT
4937,CREATE
8377,LOGOUT
5629,CREATE
271,LOGOUT
8939,READ
4547,LOGOUT
4678,CREATE
8409,DELETE
2461,LOGIN
2420,CREATE
7514,LOGIN
5358,LOGIN
5029,LOGIN
4408,LOGOUT
7535,READ
1482,READ
6863,LOGIN
5336,LOGOUT
2433,UPDATE
3613,CREATE
877,CREATE
2460,DELETE
2922,READ
8925,LOGIN
1690,READ
565,READ
1252,READ
9480,LOGOUT
9195,UPDATE
4398,CREATE
3027,LOGIN
5451,LOGOUT
1358,CREATE
9095,LOGIN
737,DELETE
131,UPDATE
3020,DELETE
1263,READ
8880,DELETE
748,LOGIN
4557,READ
2119,READ
7270,READ
873,LOGIN
1609,READ
6170,LOGIN
6532,LOGIN
691,UPDATE
4616,CREATE
2240,LOGOUT
1140,READ
1878,READ
5290,LOGOUT
2435,UPDATE
5458,CREATE
6901,CREATE
4615,LOGOUT
889,LOGOUT
7598,UPDATE
2667,CREATE
8710,DELETE
1561,CREATE
1381,CREATE
1339,DELETE
1141,DELETE
4338,LOGOUT
5102,LOGOUT
4807,DELETE
903,CREATE
5693,LOGOUT
3782,UPDATE
5339,LOGOUT
8663,UPDATE
4199,READ
408,DELETE
6556,READ
6810,DELETE
3528,LOGOUT
2719,LOGIN
4451,READ
3458,UPDATE
1841,CREATE
8787,LOGOUT
7147,CREATE
8310,CREATE
1559,UPDATE
7821,LOGIN
5972,LOGIN
8332,DELETE
7091,UPDATE
4419,LOGOUT
4132,CREATE
7464,LOGIN
3746,DELETE
9018,DELETE
6213,LOGIN
1598,READ
406,CREATE
2193,CREATE
534,DELETE
4231,READ
48,CREATE
9741,UPDATE
4228,LOGOUT
9159,LOGOUT
9786,DELETE
2388,UPDATE
3894,READ
7790,DELETE
4438,LOGIN
5548,LOGOUT
8977,READ
5121,READ
3998,READ
3109,CREATE
3660,UPDATE
9334,LOGOUT
6914,UPDATE
9479,LOGOUT
6445,DELETE
1211,LOGIN
7618,CREATE
8507,UPDATE
2503,READ
4331,LOGOUT
7427,CREATE
2220,UPDATE
7199,CREATE
3624,UPDATE
7384,LOGOUT
5870,LOGIN
1726,CREATE
9164,READ
1097,LOGIN
9328,UPDATE
4536,DELETE
6856,CREATE
1842,UPDATE
9785,LOGIN
1959,LOGOUT
8761,LOGIN
7017,DELETE
2631,UPDATE
2564,LOGIN
2508,DELETE
9451,LOGOUT
1644,READ
7594,LOGOUT
6466,LOGOUT
2272,LOGIN
4542,CREATE
4017,READ
4880,READ
3275,DELETE
183,DELETE
3800,LOGOUT
861,LOGIN
720,DELETE
4865,CREATE
7806,DELETE
2428,CREATE
4529,READ
2571,LOGOUT
5994,UPDATE
9122,CREATE
4187,DELETE
5169,CREATE
5802,UPDATE
7256,LOGOUT
9729,CREATE
9946,LOGOUT
2136,CREATE
3332,LOGIN
7478,UPDATE
7592,CREATE
4766,LOGIN
2740,UPDATE
4192,UPDATE
349,READ
3858,LOGOUT
6022,UPDATE
3399,DELETE
9795,LOGOUT
2093,READ
765,LOGIN
7160,DELETE
953,UPDATE
8599,UPDATE
837,LOGOUT
5940,UPDATE
4030,UPDATE
643,READ
1165,CREATE
5700,LOGOUT
3228,UPDATE
820,LOGIN
1029,READ
1301,LOGIN
6516,UPDATE
1137,CREATE
3453,READ
4072,CREATE
488,DELETE
6095,LOGOUT
5575,DELETE
5471,CREATE
1238,DELETE
394,UPDATE
1502,LOGOUT
8502,LOGOUT
890,DELETE
5883,UPDATE
1002,DELETE
6187,LOGIN
2353,CREATE
6953,READ
5123,READ
2908,LOGIN
79,READ
5465,READ
3253,DELETE
9205,CREATE
3832,UPDATE
2205,DELETE
6745,LOGOUT
1248,CREATE
4936,UPDATE
2974,CREATE
1909,DELETE
3365,LOGIN
4492,DELETE
3241,DELETE
808,LOGIN
1196,UPDATE
9971,LOGIN
9925,READ
157,LOGOUT
9633,LOGIN
2647,LOGOUT
6760,CREATE
1869,READ
161,DELETE
2412,DELETE
6057,DELETE
564,UPDATE
9823,LOGOUT
5617,UPDATE
6089,DELETE
4785,CREATE
8033,UPDATE
1949,LOGIN
682,LOGIN
4538,UPDATE
2551,DELETE
6121,LOGIN
715,DELETE
9403,LOGOUT
4518,CREATE
7284,LOGIN
1237,READ
4566,UPDATE
1027,READ
2878,READ
7508,READ
4525,UPDATE
1564,CREATE
8190,READ
4091,CREATE
3843,CREATE
5567,LOGIN
4178,LOGOUT
3902,LOGOUT
365,READ
4693,LOGOUT
6329,LOGOUT
9837,DELETE
8005,CREATE
5950,DELETE
5542,UPDATE
1920,LOGIN
1463,UPDATE
2479,UPDATE
6108,UPDATE
449,LOGOUT
5225,UPDATE
2647,READ
608,CREATE
4012,DELETE
3774,DELETE
3052,DELETE
8519,UPDATE
856,READ
9246,READ
7592,UPDATE
6531,READ
8642,LOGOUT
1642,READ
2585,DELETE
3588,DELETE
8288,CREATE
364,READ
525,READ
1711,UPDATE
6268,CREATE
2026,READ
8452,UPDATE
7500,UPDATE
1272,READ
8816,READ
2098,LOGIN
9477,UPDATE
4618,READ
7476,LOGIN
1101,CREATE
618,CREATE
1007,LOGOUT
3398,LOGIN
2056,CREATE
1330,DELETE
4496,UPDATE
9545,DELETE
8690,CREATE
3199,CREATE
4469,DELETE
3788,READ
2444,CREATE
5837,READ
6946,UPDATE
4557,READ
4913,CREATE
2592,DELETE
9932,READ
325,LOGOUT
831,CREATE
1416,READ
4817,LOGOUT
4630,CREATE
2005,CREATE
850,CREATE
3694,LOGIN
9784,READ
2527,CREATE
786,LOGIN
2136,UPDATE
5948,CREATE
5399,DELETE
4217,LOGOUT
2678,READ
8939,LOGOUT
7787,UPDATE
650,UPDATE
4192,LOGIN
9266,LOGOUT
2700,CREATE
6504,LOGOUT
6477,LOGOUT
9720,UPDATE
3805,LOGOUT
8405,LOGIN
9183,CREATE
1986,LOGIN
4860,CREATE
9536,CREATE
3744,READ
6981,CREATE
9494,DELETE
6053,LOGOUT
3031,UPDATE
6141,READ
2093,READ
8878,READ
720,UPDATE
8354,READ
464,LOGOUT
1104,LOGIN
1859,LOGOUT
945,LOGOUT
3369,LOGOUT
8310,UPDATE
4677,UPDATE
4088,CREATE
6089,LOGIN
8776,DELETE
4343,UPDATE
6415,LOGOUT
1282,LOGIN
3999,UPDATE
5061,UPDATE
1515,UPDATE
6521,DELETE
2093,DELETE
7250,UPDATE
7251,UPDATE
5649,READ
4716,UPDATE
5454,UPDATE
4687,CREATE
6562,DELETE
635,CREATE
2950,LOGIN
2062,DELETE
6154,UPDATE
6110,UPDATE
9776,UPDATE
8257,LOGIN
7041,READ
857,LOGOUT
2627,UPDATE
9224,LOGOUT
8212,UPDATE
6406,READ
6591,UPDATE
5682,READ
9764,LOGIN
7592,LOGOUT
7847,READ
1293,READ
3152,READ
5947,LOGOUT
4828,UPDATE
5812,LOGOUT
7761,LOGIN
8743,READ
5485,DELETE
3280,READ
6584,READ
1909,LOGIN
8530,LOGIN
6109,LOGOUT
8003,LOGIN
6499,LOGOUT
3286,DELETE
8239,READ
5465,LOGOUT
8125,READ
4029,LOGOUT
4743,UPDATE
2801,LOGOUT
9334,DELETE
1655,LOGOUT
3744,UPDATE
5962,LOGOUT
1844,CREATE
8991,UPDATE
1314,LOGOUT
4100,READ
5963,DELETE
9173,UPDATE
7408,LOGIN
1752,DELETE
2789,LOGIN
6747,DELETE
5705,DELETE
4059,LOGOUT
4749,LOGOUT
2008,READ
718,LOGIN
1777,CREATE
8158,UPDATE
3239,LOGIN
5080,READ
9158,UPDATE
8964,DELETE
9789,READ
3537,READ
316,LOGIN
7874,CREATE
9876,DELETE
9819,READ
7482,LOGIN
5993,DELETE
9496,LOGOUT
7554,DELETE
9906,LOGOUT
4876,DELETE
3437,LOGIN
2025,CREATE
6121,READ
9423,UPDATE
3096,LOGOUT
1078,LOGIN
7923,READ
7311,CREATE
4677,UPDATE
2821,UPDATE
1672,DELETE
5867,UPDATE
2227,DELETE
1247,LOGOUT
1410,CREATE
8880,LOGIN
671,UPDATE
3877,DELETE
8739,LOGOUT
9154,LOGOUT
7367,UPDATE
8372,LOGIN
8722,LOGOUT
1655,DELETE
8520,LOGIN
6466,DELETE
876,LOGIN
4586,DELETE
2019,DELETE
5494,LOGIN
7747,LOGIN
463,CREATE
9875,LOGIN
6936,LOGIN
6896,UPDATE
207,LOGIN
9078,READ
5517,DELETE
5559,CREATE
9201,READ
3068,LOGOUT
4950,LOGOUT
1968,CREATE
6964,UPDATE
6292,DELETE
9862,LOGIN
7548,LOGOUT
7794,UPDATE
3197,LOGIN
614,CREATE
1552,LOGOUT
4398,DELETE
3055,LOGOUT
6249,CREATE
2883,DELETE
5932,READ
1350,LOGOUT
8318,CREATE
9325,DELETE
8727,CREATE
5384,CREATE
4637,READ
9966,LOGOUT
9669,READ
7846,READ
4524,LOGIN
2814,CREATE
7645,DELETE
7091,READ
9737,LOGOUT
9501,DELETE
3328,LOGIN
7728,READ
7135,UPDATE
6059,UPDATE
5,CREATE
8616,LOGIN
8484,UPDATE
6320,CREATE
8092,CREATE
9008,UPDATE
2558,LOGOUT
4410,DELETE
5554,CREATE
2850,LOGIN
2359,CREATE
3292,LOGIN
5065,LOGOUT
9835,CREATE
331,LOGOUT
1015,LOGIN
2365,UPDATE
8997,DELETE
8299,UPDATE
4320,READ
4794,READ
1230,UPDATE
7762,READ
5359,DELETE
2994,LOGIN
3275,LOGOUT
6610,LOGIN
8555,READ
6932,READ
5062,LOGIN
3911,LOGOUT
3057,DELETE
917,READ
5459,DELETE
7209,LOGOUT
6358,CREATE
8638,UPDATE
9748,LOGIN
3317,LOGOUT
5825,READ
6036,DELETE
3782,LOGOUT
7057,LOGOUT
7721,LOGIN
2948,READ
4651,CREATE
6917,READ
8329,UPDATE
1654,READ
3731,UPDATE
4711,DELETE
5231,LOGIN
3322,DELETE
4503,DELETE
3629,LOGIN
9915,UPDATE
6744,LOGOUT
7560,UPDATE
268,UPDATE
3204,LOGIN
4479,LOGIN
9976,LOGOUT
1464,LOGIN
2759,CREATE
1881,UPDATE
6820,CREATE
922,DELETE
256,DELETE
21,DELETE
4616,READ
5992,LOGIN
3226,LOGIN
9265,CREATE
5364,CREATE
8847,DELETE
2842,LOGIN
4846,READ
7795,UPDATE
5314,CREATE
7210,DELETE
3072,UPDATE
938,READ
5733,UPDATE
6421,CREATE
7791,LOGOUT
2159,CREATE
2642,CREATE
362,LOGOUT
5026,READ
7294,LOGIN
733,DELETE
4888,LOGIN
9927,READ
2246,DELETE
1481,UPDATE
4682,DELETE
210,CREATE
6234,LOGOUT
1431,LOGIN
2295,DELETE
1665,UPDATE
9461,UPDATE
7541,LOGIN
1839,CREATE
6041,DELETE
1817,DELETE
8092,READ
2269,DELETE
1608,CREATE
9610,LOGIN
9227,LOGOUT
3139,READ
2122,UPDATE
4075,LOGOUT
4201,UPDATE
5922,UPDATE
4059,DELETE
6524,DELETE
254,LOGOUT
5979,CREATE
9569,READ
4046,DELETE
37,DELETE
6975,READ
89,LOGIN
4709,CREATE
7161,LOGIN
4880,LOGOUT
3979,UPDATE
3262,READ
3322,LOGOUT
4491,READ
3712,CREATE
737,DELETE
3106,READ
665,DELETE
1054,LOGIN
92,CREATE
8801,READ
3241,UPDATE
4604,READ
5027,CREATE
8190,CREATE
993,UPDATE
6864,DELETE
6954,LOGOUT
1613,CREATE
9900,CREATE
8988,LOGOUT
995,DELETE
615,LOGOUT
9714,LOGIN
3588,UPDATE
9361,DELETE
3853,DELETE
5579,READ
8619,CREATE
883,LOGOUT
9640,DELETE
4716,LOGIN
8615,DELETE
5966,LOGOUT
7773,LOGIN
5024,READ
2680,CREATE
7525,LOGOUT
3799,LOGIN
1185,CREATE
2822,CREATE
8558,CREATE
2608,LOGIN
4495,UPDATE
2265,UPDATE
4213,DELETE
8145,DELETE
9326,LOGOUT
3331,UPDATE
1910,UPDATE
7220,CREATE
9665,LOGOUT
1917,LOGOUT
9018,READ
2713,DELETE
9987,READ
2448,LOGIN
8361,UPDATE
7917,CREATE
9987,UPDATE
187,LOGOUT
5697,DELETE
8028,UPDATE
2754,DELETE
7831,UPDATE
4074,UPDATE
1314,LOGIN
4555,CREATE
479,LOGIN
6830,UPDATE
3959,UPDATE
8693,UPDATE
4047,LOGIN
9569,DELETE
250,CREATE
8860,CREATE
6973,READ
9390,LOGIN
4269,LOGOUT
5301,LOGIN
8026,LOGIN
1045,UPDATE
9964,READ
9354,READ
9714,DELETE
7151,CREATE
7094,LOGIN
6547,READ
8751,DELETE
8076,UPDATE
8909,UPDATE
3758,LOGOUT
5874,LOGOUT
4487,DELETE
6957,READ
3042,LOGOUT
2826,CREATE
8504,LOGIN
4440,CREATE
9368,LOGOUT
6884,LOGOUT
9852,READ
7997,CREATE
7727,CREATE
6051,LOGIN
1447,CREATE
4748,UPDATE
9003,CREATE
7051,CREATE
3834,LOGOUT
4668,LOGIN
6435,UPDATE
1287,READ
4462,LOGOUT
6577,LOGIN
3997,READ
2617,READ
1554,CREATE
4474,DELETE
3101,UPDATE
583,UPDATE
2184,READ
7213,DELETE
6803,LOGOUT
1623,DELETE
7160,DELETE
9226,READ
2532,CREATE
7445,DELETE
9465,DELETE
7779,UPDATE
5445,UPDATE
6588,LOGIN
1565,LOGOUT
3553,READ
4705,READ
9318,DELETE
2808,DELETE
1709,CREATE
4052,DELETE
8567,LOGOUT
6890,CREATE
1283,READ
2642,READ
5460,CREATE
2085,LOGIN
483,LOGIN
9863,LOGIN
6626,LOGOUT
2042,READ
5632,DELETE
234,LOGOUT
8890,DELETE
6320,LOGIN
3347,DELETE
9180,READ
3787,LOGOUT
7332,LOGOUT
922,CREATE
4115,LOGIN
2997,READ
8090,READ
189,READ
7351,UPDATE
5388,DELETE
533,DELETE
6226,DELETE
5288,CREATE
1615,LOGOUT
156,READ
3289,LOGIN
3183,DELETE
8074,UPDATE
2171,CREATE
2112,CREATE
4755,CREATE
3547,DELETE
3194,CREATE
309,LOGOUT
9657,LOGIN
4061,READ
3328,LOGIN
7178,LOGIN
1878,READ
6621,DELETE
5084,LOGOUT
6313,LOGIN
7950,LOGIN
1531,CREATE
2829,READ
8615,READ
5829,LOGIN
7959,LOGIN
4022,UPDATE
1013,LOGIN
622,LOGOUT
8709,UPDATE
3614,DELETE
3187,UPDATE
2778,CREATE
8514,LOGIN
8922,CREATE
5725,UPDATE
659,LOGOUT
8552,CREATE
3124,LOGIN
7686,CREATE
608,LOGOUT
7312,UPDATE
3951,CREATE
5402,LOGOUT
8886,LOGIN
6798,READ
4107,DELETE
6041,LOGIN
5475,DELETE
5782,LOGOUT
9115,CREATE
6321,DELETE
2693,UPDATE
6245,CREATE
9052,DELETE
5077,READ
8895,CREATE
7313,LOGIN
2100,CREATE
4831,DELETE
3035,READ
7008,UPDATE
2766,CREATE
6293,CREATE
8285,CREATE
2400,CREATE
2047,CREATE
787,UPDATE
6167,LOGOUT
2367,UPDATE
2513,UPDATE
2970,READ
6171,DELETE
5114,READ
8237,UPDATE
2569,DELETE
4210,UPDATE
4049,LOGOUT
3321,LOGIN
7441,READ
9334,LOGOUT
3752,LOGOUT
5453,UPDATE
9504,DELETE
505,READ
3834,READ
2093,READ
3180,DELETE
3983,READ
9328,CREATE
2466,LOGOUT
5027,CREATE
3924,UPDATE
7699,UPDATE
6848,CREATE
5803,DELETE
4,DELETE
7344,READ
4861,READ
4426,LOGOUT
8163,UPDATE
8376,LOGIN
163,READ
8691,UPDATE
8968,UPDATE
2152,UPDATE
4531,LOGIN
6709,CREATE
9647,LOGIN
3794,DELETE
9658,LOGOUT
6642,LOGOUT
8891,READ
8597,READ
7306,READ
3146,LOGOUT
2915,UPDATE
8874,READ
3244,UPDATE
84,READ
2781,DELETE
1341,CREATE
4334,CREATE
8177,DELETE
7981,LOGIN
1547,DELETE
9745,DELETE
7212,LOGIN
5968,LOGIN
1054,READ
6855,UPDATE
7079,LOGIN
6506,LOGIN
2398,UPDATE
3996,LOGOUT
4855,LOGIN
4996,CREATE
949,READ
3144,DELETE
8338,LOGOUT
5379,UPDATE
1933,UPDATE
9265,UPDATE
1910,DELETE
4082,CREATE
2178,LOGOUT
3042,LOGOUT
4857,CREATE
5322,CREATE
1554,DELETE
9814,LOGIN
9792,LOGOUT
9590,UPDATE
3031,UPDATE
6321,LOGIN
5494,UPDATE
3983,LOGIN
5032,READ
7764,CREATE
2178,READ
317,LOGOUT
4346,UPDATE
4587,READ
684,CREATE
6405,READ
5090,LOGOUT
7387,CREATE
11,LOGOUT
292,UPDATE
8937,UPDATE
86,LOGOUT
9895,CREATE
8384,LOGOUT
9392,LOGIN
6535,DELETE
6114,UPDATE
42,UPDATE
578,UPDATE
2777,READ
7590,DELETE
8325,LOGIN
8203,READ
592,UPDATE
3262,LOGIN
7706,LOGOUT
3818,READ
6024,LOGIN
4592,LOGIN
2483,READ
5486,LOGIN
4081,DELETE
3956,LOGOUT
2040,READ
6214,UPDATE
1554,LOGIN
6004,READ
8986,LOGOUT
7920,LOGOUT
8621,CREATE
4080,CREATE
1966,READ
5523,CREATE
2507,CREATE
2543,LOGIN
5614,LOGOUT
153,CREATE
2017,DELETE
5567,LOGOUT
7924,CREATE
1348,DELETE
4808,READ
8908,CREATE
3162,LOGIN
580,READ
6270,LOGOUT
8697,DELETE
143,DELETE
5600,DELETE
3048,LOGIN
3512,UPDATE
1411,UPDATE
6662,DELETE
5961,READ
1603,LOGIN
6185,UPDATE
704,LOGIN
3517,UPDATE
6537,CREATE
8924,LOGOUT
4696,DELETE
9579,DELETE
6057,CREATE
3222,LOGOUT
1620,CREATE
1855,LOGOUT
761,UPDATE
3284,LOGIN
6022,LOGOUT
7623,DELETE
9753,READ
9148,LOGIN
6221,DELETE
2600,CREATE
3682,CREATE
178,CREATE
5268,DELETE
3903,UPDATE
9077,READ
8433,CREATE
5267,READ
4677,LOGOUT
8410,DELETE
6271,CREATE
1712,CREATE
9280,CREATE
8064,DELETE
1316,LOGOUT
1964,CREATE
2291,READ
7033,UPDATE
2543,LOGIN
4072,LOGOUT
836,LOGIN
73,DELETE
5059,CREATE
5706,READ
9888,LOGIN
8860,DELETE
5907,READ
2503,READ
8817,READ
7244,LOGIN
4833,READ
7160,LOGOUT
3720,LOGOUT
9940,DELETE
1254,LOGIN
673,UPDATE
7355,READ
1223,LOGOUT
1798,LOGIN
4159,UPDATE
1252,CREATE
9090,LOGOUT
2796,READ
1486,CREATE
9918,UPDATE
427,READ
9226,DELETE
6524,READ
3959,CREATE
6921,READ
538,LOGIN
3789,UPDATE
2,DELETE
9324,CREATE
825,LOGIN
7361,CREATE
3146,DELETE
835,DELETE
2940,DELETE
6757,UPDATE
4345,DELETE
8043,DELETE
7187,LOGIN
8887,READ
2405,CREATE
4519,LOGOUT
8065,UPDATE
4003,UPDATE
3614,DELETE
3126,LOGOUT
4214,CREATE
3838,READ
3957,DELETE
6853,DELETE
3653,CREATE
1421,DELETE
5918,UPDATE
1856,LOGOUT
2590,LOGOUT
9069,DELETE
7416,DELETE
8190,UPDATE
2895,UPDATE
2387,DELETE
3902,DELETE
781,DELETE
375,LOGIN
1092,DELETE
2804,UPDATE
25,CREATE
2822,LOGIN
7561,LOGOUT
5655,LOGOUT
4507,LOGOUT
5079,READ
161,UPDATE
8741,READ
5442,LOGIN
401,CREATE
9093,CREATE
913,LOGOUT
6436,READ
8957,UPDATE
7383,UPDATE
7059,LOGIN
2762,DELETE
5196,READ
524,LOGOUT
861,READ
8339,DELETE
7825,UPDATE
195,DELETE
4756,READ
5543,UPDATE
1495,CREATE
6937,DELETE
3289,LOGIN
9585,UPDATE
7193,LOGOUT
8607,READ
1121,UPDATE
4920,DELETE
2467,DELETE
4306,UPDATE
5981,LOGOUT
5006,UPDATE
2341,DELETE
6399,LOGOUT
5385,READ
7425,LOGIN
4411,LOGIN
2587,LOGIN
4871,LOGIN
5669,CREATE
8688,LOGOUT
1221,DELETE
3467,LOGOUT
5921,READ
3241,LOGIN
9427,LOGIN
6645,LOGOUT
5457,UPDATE
6761,DELETE
1757,LOGOUT
2877,UPDATE
9648,CREATE
7694,LOGOUT
2249,CREATE
152,READ
7879,DELETE
2829,LOGOUT
4038,UPDATE
7968,CREATE
5734,READ
6392,LOGIN
7670,DELETE
10,UPDATE
9687,DELETE
795,LOGIN
9783,DELETE
3367,LOGOUT
106,LOGIN
3983,LOGOUT
1274,LOGIN
2729,CREATE
194,CREATE
4231,UPDATE
6850,CREATE
3506,READ
8629,CREATE
1852,UPDATE
6512,UPDATE
9614,LOGIN
2273,CREATE
9731,UPDATE
2430,LOGIN
9051,CREATE
9176,CREATE
6413,DELETE
9446,UPDATE
8749,LOGOUT
8115,LOGOUT
4357,DELETE
7274,CREATE
408,LOGIN
5590,CREATE
9505,UPDATE
2233,DELETE
5140,LOGIN
8187,READ
4946,CREATE
7355,UPDATE
2732,CREATE
7252,LOGIN
4590,READ
4544,READ
2954,UPDATE
2954,LOGOUT
7378,CREATE
5908,READ
2774,CREATE
2235,LOGOUT
1193,CREATE
4979,LOGIN
7648,UPDATE
1814,CREATE
1534,CREATE
1568,UPDATE
2621,READ
2765,CREATE
3359,DELETE
5815,LOGIN
3780,UPDATE
4558,CREATE
1075,DELETE
7362,UPDATE
6277,LOGIN
9328,CREATE
315,CREATE
3495,CREATE
7359,DELETE
5518,DELETE
8828,DELETE
619,UPDATE
9006,LOGOUT
3876,CREATE
3642,READ
9421,CREATE
4320,UPDATE
1180,UPDATE
2821,CREATE
5022,LOGIN
8119,CREATE
5079,CREATE
5996,UPDATE
4935,LOGOUT
5874,CREATE
7987,UPDATE
362,DELETE
2444,LOGOUT
9445,UPDATE
154,UPDATE
2381,CREATE
2850,UPDATE
4578,LOGIN
366,DELETE
6774,UPDATE
2121,DELETE
6676,UPDATE
4065,DELETE
9891,LOGOUT
8440,LOGIN
2740,CREATE
4168,LOGIN
3453,LOGOUT
6489,UPDATE
7223,READ
6257,DELETE
2330,READ
800,DELETE
2308,DELETE
1628,LOGIN
8186,READ
1041,READ
3344,READ
3983,LOGIN
4655,UPDATE
2796,CREATE
5713,READ
4392,LOGOUT
5404,LOGOUT
4311,LOGIN
5385,UPDATE
6398,LOGIN
9329,LOGIN
8387,LOGIN
3559,READ
8817,READ
5324,UPDATE
7632,DELETE
8536,CREATE
2829,LOGOUT
548,DELETE
2901,READ
2092,CREATE
1488,UPDATE
4926,READ
3881,READ
6538,READ
669,UPDATE
602,LOGOUT
7110,LOGIN
5553,LOGOUT
2087,LOGIN
1199,LOGOUT
4204,LOGIN
5192,LOGOUT
8667,LOGIN
8167,DELETE
7461,UPDATE
6837,CREATE
6850,DELETE
887,READ
4875,READ
4048,UPDATE
3822,DELETE
2191,LOGIN
6835,READ
809,LOGIN
5009,DELETE
37,DELETE
5074,READ
4992,UPDATE
7855,LOGOUT
9139,LOGOUT
560,DELETE
7586,LOGIN
7706,DELETE
7717,DELETE
5586,LOGOUT
3050,DELETE
7377,LOGIN
6536,CREATE
3003,DELETE
3533,UPDATE
4070,DELETE
4762,LOGOUT
6825,CREATE
4068,LOGOUT
3262,READ
8837,LOGIN
3206,LOGOUT
7249,READ
6498,READ
7274,UPDATE
7219,LOGOUT
7911,LOGOUT
1224,LOGIN
2909,DELETE
2392,READ
314,READ
6758,DELETE
7232,LOGIN
2213,CREATE
6233,READ
5961,UPDATE
4558,CREATE
3924,LOGIN
9928,READ
1366,LOGOUT
125,LOGIN
9798,READ
6375,LOGOUT
3779,READ
7165,UPDATE
4454,LOGIN
1118,LOGIN
6278,UPDATE
265,UPDATE
4994,LOGOUT
2393,UPDATE
6111,LOGOUT
6987,LOGIN
1467,LOGIN
7921,DELETE
6971,LOGOUT
350,UPDATE
845,READ
7780,UPDATE
4330,LOGIN
8203,UPDATE
9444,READ
4521,UPDATE
5937,READ
669,READ
4310,READ
7108,LOGOUT
8627,LOGIN
2747,LOGIN
1532,READ
7837,DELETE
1103,UPDATE
9701,LOGIN
9808,LOGIN
2933,UPDATE
9244,LOGOUT
4532,CREATE
3456,UPDATE
4796,READ
1166,LOGOUT
2529,CREATE
2272,READ
4918,DELETE
5037,READ
8828,LOGIN
2011,READ
2962,LOGIN
7340,LOGIN
5765,UPDATE
4602,DELETE
4029,DELETE
4176,CREATE
8026,UPDATE
4488,LOGIN
9279,CREATE
9654,READ
9273,CREATE
6665,LOGIN
7771,CREATE
2100,DELETE
1488,DELETE
2489,LOGOUT
2906,LOGIN
8671,CREATE
2150,READ
2764,DELETE
6975,READ
3595,CREATE
690,LOGOUT
318,READ
7873,LOGOUT
6926,READ
3415,READ
5539,CREATE
3042,LOGIN
2151,DELETE
4341,CREATE
628,READ
5745,DELETE
3187,READ
7139,READ
9966,LOGOUT
1620,DELETE
4039,LOGIN
4789,LOGIN
1559,READ
5196,CREATE
2012,CREATE
1408,CREATE
8716,READ
2801,READ
3340,CREATE
1285,READ
2775,CREATE
8244,LOGIN
4945,READ
260,LOGIN
7061,LOGIN
4520,DELETE
7926,CREATE
3779,DELETE
2472,READ
2807,LOGOUT
281,DELETE
2294,LOGOUT
2773,LOGIN
7409,DELETE
3890,DELETE
9253,READ
3601,CREATE
1820,DELETE
4580,UPDATE
536,UPDATE
3554,DELETE
8879,READ
426,CREATE
3244,UPDATE
6594,READ
8132,READ
9162,LOGIN
3718,CREATE
3335,UPDATE
7694,DELETE
564,CREATE
2197,LOGIN
3684,UPDATE
7530,CREATE
7863,CREATE
590,CREATE
7415,LOGIN
6570,UPDATE
8823,DELETE
6461,CREATE
9893,LOGIN
7941,CREATE
3392,READ
5342,UPDATE
3015,LOGOUT
4457,READ
5700,UPDATE
8659,DELETE
4049,DELETE
396,DELETE
8726,LOGIN
3854,LOGOUT
8672,UPDATE
7519,CREATE
9685,LOGOUT
865,READ
1715,LOGOUT
8258,CREATE
6865,LOGOUT
6559,LOGIN
7864,DELETE
5994,CREATE
3046,DELETE
3102,LOGIN
7871,LOGIN
2427,CREATE
8832,LOGOUT
6224,LOGIN
357,CREATE
805,CREATE
9090,UPDATE
2272,CREATE
1980,READ
6789,READ
3876,CREATE
1946,LOGIN
5253,READ
2737,LOGIN
6372,CREATE
2944,UPDATE
3439,LOGIN
7205,LOGOUT
25,UPDATE
7388,UPDATE
9411,DELETE
9310,LOGOUT
2119,READ
1861,LOGIN
847,UPDATE
2389,CREATE
9942,CREATE
7859,READ
5748,UPDATE
3377,LOGOUT
6335,READ
1078,UPDATE
7475,CREATE
8543,CREATE
5695,DELETE
6009,DELETE
3926,LOGIN
5434,CREATE
560,DELETE
3254,LOGOUT
7385,DELETE
9584,LOGOUT
6548,CREATE
9418,LOGOUT
4014,LOGIN
1537,DELETE
5703,UPDATE
4806,LOGIN
7401,LOGOUT
6370,READ
2928,CREATE
3900,UPDATE
5613,LOGOUT
51,LOGIN
6795,DELETE
1654,LOGOUT
583,CREATE
9766,READ
6485,LOGOUT
3893,UPDATE
423,UPDATE
8064,UPDATE
9313,DELETE
3134,DELETE
2462,UPDATE
9128,LOGOUT
838,READ
2491,LOGOUT
1650,LOGIN
767,READ
8889,UPDATE
8196,READ
2728,CREATE
282,READ
75,CREATE
6646,CREATE
9456,READ
4357,LOGOUT
6805,READ
4015,LOGIN
5918,DELETE
8879,UPDATE
5821,CREATE
359,CREATE
22,READ
7952,CREATE
9908,CREATE
2051,LOGOUT
3225,LOGOUT
5387,READ
6911,LOGIN
8427,READ
2749,READ
582,READ
6499,UPDATE
7430,CREATE
3033,READ
497,DELETE
863,LOGOUT
4035,CREATE
4340,UPDATE
9799,CREATE
6923,CREATE
5089,LOGIN
2151,LOGOUT
8169,UPDATE
647,UPDATE
4873,LOGIN
1152,LOGIN
2555,READ
7926,LOGIN
9723,DELETE
5533,LOGIN
1493,UPDATE
5553,READ
1259,DELETE
7435,DELETE
9667,UPDATE
4240,LOGIN
1813,LOGIN
351,LOGIN
7519,LOGIN
4746,LOGOUT
9790,READ
9607,READ
8048,DELETE
7471,LOGOUT
1871,LOGIN
7784,LOGOUT
3176,READ
9294,UPDATE
8370,UPDATE
2987,DELETE
6419,READ
518,DELETE
5883,UPDATE
3538,DELETE
3538,LOGOUT
4545,LOGIN
2118,CREATE
3895,DELETE
626,LOGIN
2648,CREATE
6839,LOGIN
4775,LOGIN
3709,LOGIN
2859,CREATE
3958,LOGOUT
7998,DELETE
6196,READ
1511,READ
5743,UPDATE
5629,CREATE
8888,LOGIN
7687,LOGOUT
7711,LOGIN
9060,UPDATE
6323,UPDATE
1331,CREATE
8311,UPDATE
6998,READ
5826,LOGIN
2007,READ
3913,UPDATE
9623,READ
9573,CREATE
781,LOGOUT
8834,CREATE
4632,LOGOUT
2577,DELETE
1182,UPDATE
7618,LOGIN
8727,LOGIN
2538,CREATE
8037,UPDATE
6969,UPDATE
5084,UPDATE
2865,LOGIN
7518,UPDATE
5912,DELETE
3206,DELETE
3838,READ
1478,UPDATE
7804,READ
1265,READ
5239,UPDATE
3747,LOGIN
6736,READ
2404,DELETE
2767,LOGOUT
5165,LOGIN
2375,DELETE
4469,DELETE
4405,LOGIN
6277,DELETE
245,CREATE
1547,LOGIN
3257,CREATE
2047,UPDATE
8433,READ
3887,LOGOUT
8626,CREATE
7745,DELETE
7044,DELETE
4712,LOGOUT
3739,LOGOUT
4202,CREATE
7110,LOGOUT
1586,LOGIN
4505,LOGIN
1023,LOGOUT
9698,UPDATE
6803,LOGOUT
8693,LOGIN
6664,READ
9291,LOGIN
6998,CREATE
1280,LOGIN
3554,LOGOUT
1936,CREATE
626,READ
126,LOGOUT
7728,LOGIN
4370,LOGIN
8044,UPDATE
6117,LOGIN
6525,DELETE
315,LOGIN
3404,READ
4626,LOGIN
4186,UPDATE
5771,DELETE
9702,DELETE
1618,CREATE
9376,LOGIN
6964,LOGOUT
2897,CREATE
7675,CREATE
9841,DELETE
8767,UPDATE
1114,CREATE
3120,LOGOUT
7340,DELETE
4035,CREATE
6455,LOGOUT
5634,READ
9995,LOGOUT
2687,LOGOUT
5372,UPDATE
5855,CREATE
939,LOGOUT
4842,UPDATE
143,READ
6916,LOGIN
9466,LOGOUT
3377,DELETE
1095,READ
8489,READ
896,UPDATE
4676,READ
7063,LOGIN
4025,LOGOUT
2701,LOGIN
1705,LOGOUT
635,DELETE
8874,CREATE
6211,READ
7420,LOGOUT
8490,DELETE
7849,DELETE
7860,LOGIN
9596,CREATE
5562,LOGOUT
7203,CREATE
6778,UPDATE
8149,LOGOUT
2818,DELETE
4872,READ
8440,UPDATE
6406,CREATE
3768,READ
3191,UPDATE
5957,UPDATE
6118,LOGIN
2823,DELETE
9984,UPDATE
5925,READ
8812,CREATE
3751,LOGIN
3002,CREATE
5558,CREATE
2490,LOGIN
7925,DELETE
2786,DELETE
4268,UPDATE
4472,CREATE
4424,LOGOUT
8676,LOGOUT
1548,DELETE
7135,UPDATE
4703,DELETE
1557,READ
464,LOGOUT
6370,LOGIN
9655,LOGIN
4659,LOGOUT
904,LOGIN
3279,UPDATE
126,DELETE
6439,UPDATE
8558,READ
3370,DELETE
5811,DELETE
7487,LOGIN
3554,READ
4700,LOGOUT
1780,UPDATE
6927,UPDATE
8923,LOGIN
5908,DELETE
3996,UPDATE
605,READ
8776,READ
9490,LOGIN
996,READ
1286,DELETE
9633,READ
4295,LOGOUT
826,READ
9181,LOGIN
3764,LOGIN
8879,READ
3314,LOGIN
6580,LOGOUT
3622,UPDATE
9563,UPDATE
6790,DELETE
697,DELETE
8230,READ
3095,LOGOUT
1259,DELETE
4577,DELETE
1576,DELETE
9898,LOGOUT
2476,LOGOUT
1062,UPDATE
5926,CREATE
5267,LOGIN
1145,READ
7008,READ
8397,LOGOUT
3315,LOGIN
2623,READ
6523,LOGIN
8214,CREATE
892,UPDATE
3872,DELETE
1735,LOGOUT
1013,UPDATE
7648,LOGIN
8631,LOGIN
1831,CREATE
9715,LOGOUT
5220,CREATE
435,DELETE
5734,DELETE
4729,LOGIN
5331,LOGOUT
2172,UPDATE
2117,DELETE
8205,CREATE
1636,CREATE
1502,DELETE
8358,LOGOUT
7450,READ
7730,UPDATE
1100,LOGOUT
1965,DELETE
3616,DELETE
6017,DELETE
1518,LOGIN
1821,UPDATE
6116,DELETE
9117,UPDATE
3631,LOGIN
2236,DELETE
4895,LOGOUT
2235,DELETE
6210,CREATE
6822,LOGIN
3633,UPDATE
6093,UPDATE
466,READ
5294,UPDATE
5750,UPDATE
8147,DELETE
3862,DELETE
7432,LOGIN
9919,DELETE
3554,UPDATE
8365,CREATE
4280,UPDATE
812,CREATE
5576,READ
3437,LOGIN
5661,LOGIN
4636,CREATE
401,READ
8530,READ
4105,CREATE
2267,READ
2571,LOGIN
7516,UPDATE
2566,LOGIN
8450,DELETE
986,READ
1087,CREATE
1736,UPDATE
7412,READ
6043,READ
9348,LOGOUT
1316,LOGIN
8594,LOGIN
4905,CREATE
7275,READ
9210,LOGOUT
5506,DELETE
952,LOGOUT
4540,DELETE
1077,CREATE
7102,LOGIN
7186,LOGIN
7435,LOGIN
8852,CREATE
1285,UPDATE
5754,UPDATE
1272,READ
3283,CREATE
4218,UPDATE
1406,CREATE
1111,READ
6706,DELETE
9910,UPDATE
237,LOGOUT
6167,DELETE
3277,UPDATE
920,UPDATE
4502,UPDATE
4461,DELETE
4633,READ
6807,LOGOUT
1923,READ
4009,LOGIN
7391,CREATE
796,READ
9488,LOGOUT
664,CREATE
6424,UPDATE
7572,LOGOUT
5205,UPDATE
8563,LOGIN
9813,LOGIN
4377,READ
433,UPDATE
5736,CREATE
6837,LOGIN
1783,DELETE
8029,CREATE
6931,LOGOUT
740,CREATE
1674,DELETE
9269,READ
8692,READ
8486,UPDATE
970,CREATE
1646,LOGIN
4535,LOGOUT
466,CREATE
8056,DELETE
3388,LOGOUT
8191,READ
1051,LOGIN
545,READ
5173,UPDATE
2340,UPDATE
3885,DELETE
9942,DELETE
4993,CREATE
5563,DELETE
9582,DELETE
9507,LOGIN
9170,READ
8894,CREATE
7472,CREATE
7073,LOGIN
5831,LOGOUT
7382,LOGIN
9457,UPDATE
805,LOGIN
8711,LOGIN
2752,LOGIN
7814,LOGIN
1342,READ
9276,LOGIN
1015,READ
6472,DELETE
7519,CREATE
3554,UPDATE
9637,READ
4507,CREATE
3870,LOGIN
2911,LOGOUT
3171,LOGOUT
8736,UPDATE
1934,LOGIN
9957,UPDATE
8718,LOGIN
3541,DELETE
2832,CREATE
5417,DELETE
1525,LOGIN
1750,LOGIN
4333,UPDATE
5813,LOGIN
880,LOGIN
3616,DELETE
4258,UPDATE
5733,DELETE
6865,CREATE
6259,LOGIN
6166,DELETE
98,DELETE
39,CREATE
7476,UPDATE
4159,READ
7525,LOGOUT
7654,UPDATE
7520,LOGIN
2120,CREATE
2335,READ
5798,LOGOUT
287,READ
6500,LOGIN
5485,LOGOUT
3765,DELETE
387,READ
5427,DELETE
2370,LOGIN
306,READ
2542,READ
3863,LOGOUT
8323,CREATE
9434,DELETE
1206,LOGIN
7550,LOGIN
4022,DELETE
2689,LOGOUT
7598,LOGOUT
3812,LOGOUT
9163,LOGIN
146,LOGIN
2736,CREATE
6383,DELETE
6551,UPDATE
7616,LOGOUT
5637,READ
5683,CREATE
2659,LOGOUT
2747,UPDATE
2881,LOGIN
1873,READ
7659,DELETE
1013,CREATE
8661,LOGIN
5610,DELETE
6572,READ
4437,DELETE
7757,UPDATE
2482,DELETE
3521,DELETE
4592,CREATE
1387,DELETE
5409,CREATE
4355,LOGOUT
7953,LOGIN
1003,LOGOUT
5560,LOGIN
4633,DELETE
8529,DELETE
4273,READ
5396,DELETE
7142,CREATE
9109,READ
565,DELETE
1333,UPDATE
4884,DELETE
502,LOGOUT
8076,CREATE
9259,LOGIN
6064,UPDATE
5471,READ
7851,READ
6772,LOGIN
3821,READ
8043,READ
3286,CREATE
2883,UPDATE
5406,UPDATE
780,LOGOUT
7401,DELETE
9208,READ
8717,LOGIN
6704,DELETE
1447,CREATE
3652,UPDATE
2339,LOGOUT
7009,READ
6821,UPDATE
1873,LOGIN
7331,UPDATE
7782,READ
5482,UPDATE
2213,UPDATE
6886,CREATE
328,LOGIN
2174,DELETE
1000,CREATE
7399,DELETE
2827,CREATE
8233,CREATE
3475,LOGOUT
9575,CREATE
4664,CREATE
9526,UPDATE
5836,READ
4077,CREATE
4179,CREATE
8905,READ
4148,DELETE
3492,DELETE
2076,CREATE
4969,UPDATE
6733,LOGOUT
4295,LOGIN
8267,CREATE
3468,LOGIN
8061,LOGIN
4190,LOGIN
6560,DELETE
1587,LOGOUT
258,DELETE
1415,DELETE
4654,READ
9983,LOGIN
2875,DELETE
6135,LOGOUT
967,LOGIN
3511,DELETE
8309,READ
1093,CREATE
7675,LOGOUT
2537,LOGOUT
4931,DELETE
3321,CREATE
3408,LOGIN
2504,LOGOUT
9659,LOGOUT
2251,UPDATE
5040,READ
8122,UPDATE
7981,CREATE
2466,DELETE
9456,CREATE
5437,UPDATE
4588,LOGIN
9524,UPDATE
9013,UPDATE
1852,LOGIN
2822,DELETE
4269,READ
9,READ
9871,UPDATE
4438,UPDATE
6371,LOGOUT
2398,LOGOUT
7828,CREATE
6791,READ
8384,UPDATE
6730,READ
1798,LOGIN
9999,UPDATE
8348,LOGOUT
2762,LOGOUT
7356,UPDATE
8156,READ
457,LOGIN
9351,LOGIN
397,LOGIN
9510,CREATE
2665,CREATE
443,DELETE
4679,LOGOUT
4627,DELETE
6051,READ
4276,LOGIN
4289,UPDATE
5466,LOGOUT
8953,LOGIN
2332,DELETE
9229,READ
5705,DELETE
5625,DELETE
9267,DELETE
3119,UPDATE
4749,DELETE
8787,DELETE
8308,DELETE
5859,READ
3966,CREATE
9094,CREATE
2146,UPDATE
5027,UPDATE
1007,CREATE
8927,READ
8859,DELETE
9909,UPDATE
8020,DELETE
603,CREATE
5339,LOGOUT
3413,LOGIN
7745,DELETE
1533,DELETE
8692,LOGIN
6903,CREATE
8222,CREATE
8604,READ
5409,UPDATE
4031,LOGIN
4608,LOGIN
573,DELETE
8840,LOGIN
3665,DELETE
4672,DELETE
7404,UPDATE
2925,CREATE
8225,DELETE
6366,DELETE
1608,DELETE
7202,UPDATE
9463,LOGIN
5917,READ
8447,READ
7250,LOGOUT
264,READ
934,DELETE
6451,UPDATE
3817,LOGOUT
1744,READ
4198,LOGOUT
6432,CREATE
6201,UPDATE
8268,LOGIN
9740,LOGOUT
1570,DELETE
4592,LOGOUT
3675,UPDATE
4453,LOGIN
5768,LOGOUT
3589,LOGIN
2898,DELETE
7732,DELETE
7417,READ
2195,CREATE
886,DELETE
7599,DELETE
1840,DELETE
298,UPDATE
3928,LOGOUT
1673,LOGOUT
2010,READ
6157,DELETE
6579,DELETE
7542,DELETE
5442,LOGIN
2472,LOGOUT
8793,READ
2890,CREATE
7248,READ
2672,UPDATE
1766,LOGIN
9840,DELETE
9271,UPDATE
6037,UPDATE
3169,LOGIN
2596,UPDATE
1610,DELETE
390,DELETE
7141,UPDATE
5430,UPDATE
5317,CREATE
9333,LOGIN
4432,LOGIN
7949,CREATE
7291,UPDATE
8478,UPDATE
844,DELETE
3989,LOGIN
3647,DELETE
6535,LOGOUT
1225,LOGIN
4092,LOGOUT
8006,LOGOUT
6422,LOGIN
3547,CREATE
9374,DELETE
9755,LOGOUT
3939,LOGIN
9114,UPDATE
4919,READ
5696,CREATE
154,CREATE
5831,LOGIN
7466,READ
4335,UPDATE
936,UPDATE
3964,DELETE
1607,READ
3684,UPDATE
1385,LOGOUT
6311,LOGOUT
9766,READ
8832,LOGIN
1806,CREATE
5645,LOGOUT
8049,UPDATE
3852,LOGIN
3719,DELETE
1141,DELETE
3560,LOGIN
575,DELETE
7472,DELETE
588,LOGOUT
1077,UPDATE
6195,LOGOUT
6601,CREATE
4149,CREATE
3985,UPDATE
2732,CREATE
5776,DELETE
380,UPDATE
6794,LOGOUT
3617,READ
3361,CREATE
7236,CREATE
1615,LOGIN
2670,LOGIN
2862,CREATE
1272,READ
6525,DELETE
7110,UPDATE
1220,DELETE
9838,DELETE
5421,CREATE
4528,READ
4736,LOGOUT
4819,LOGIN
3101,DELETE
5977,READ
5947,LOGOUT
229,LOGOUT
3237,CREATE
5420,LOGOUT
6255,LOGOUT
3595,DELETE
1189,DELETE
8161,LOGOUT
236,LOGIN
4636,LOGOUT
1826,LOGOUT
6397,DELETE
6550,READ
4426,LOGOUT
5971,LOGIN
4501,DELETE
2574,READ
6974,READ
6899,LOGOUT
474,UPDATE
525,LOGIN
53,UPDATE
8841,LOGIN
5014,CREATE
3861,READ
5112,DELETE
8269,READ
4166,LOGOUT
8373,UPDATE
4102,READ
1025,LOGOUT
4773,UPDATE
3390,CREATE
5276,LOGOUT
9952,CREATE
5844,DELETE
246,LOGOUT
1924,DELETE
9577,UPDATE
9230,LOGIN
8701,LOGOUT
8076,UPDATE
1407,READ
8312,DELETE
3664,LOGIN
2408,LOGOUT
4223,CREATE
3056,LOGIN
6721,DELETE
8423,LOGOUT
3991,LOGIN
100,DELETE
2840,LOGOUT
6790,READ
5382,READ
1551,READ
4323,UPDATE
7764,LOGOUT
7147,DELETE
6981,LOGIN
6644,LOGOUT
5653,LOGIN
5779,READ
8240,DELETE
1771,READ
8906,CREATE
6260,READ
1669,UPDATE
1302,LOGIN
7001,READ
3229,READ
578,UPDATE
8378,CREATE
3106,UPDATE
8909,CREATE
9664,LOGIN
6738,UPDATE
4023,DELETE
1829,LOGIN
6101,CREATE
4093,LOGOUT
8404,LOGIN
4710,UPDATE
6750,DELETE
2924,DELETE
2376,READ
2758,UPDATE
3603,LOGOUT
7353,DELETE
476,READ
3509,CREATE
163,DELETE
2915,UPDATE
7730,LOGIN
7825,DELETE
9617,LOGIN
2904,LOGIN
9148,UPDATE
3537,LOGIN
2182,READ
4473,LOGOUT
7709,READ
4112,LOGIN
2811,LOGIN
2393,UPDATE
4786,LOGIN
7,UPDATE
4744,LOGIN
7429,LOGOUT
742,DELETE
132,UPDATE
5159,LOGIN
8543,LOGIN
7513,DELETE
8543,UPDATE
4995,LOGOUT
2431,LOGIN
4607,LOGOUT
7248,CREATE
9943,UPDATE
4968,CREATE
171,DELETE
1445,CREATE
4526,UPDATE
7022,READ
7342,UPDATE
6032,LOGIN
6529,LOGIN
4651,CREATE
5102,CREATE
6782,DELETE
3852,DELETE
5139,DELETE
9278,DELETE
2071,DELETE
93,DELETE
1284,LOGIN
2790,CREATE
2626,UPDATE
9395,UPDATE
5248,UPDATE
4968,READ
3542,UPDATE
4420,CREATE
9725,READ
2410,DELETE
9732,LOGIN
6790,READ
4336,UPDATE
753,LOGIN
2585,LOGOUT
9631,CREATE
1057,DELETE
3320,UPDATE
8633,CREATE
353,LOGOUT
6263,READ
9368,DELETE
3688,LOGIN
547,LOGOUT
7502,DELETE
8673,CREATE
2677,LOGOUT
9269,UPDATE
1464,DELETE
5563,DELETE
4543,DELETE
7236,DELETE
4095,LOGOUT
7234,LOGOUT
959,READ
6311,READ
7611,CREATE
4851,LOGOUT
3475,LOGIN
661,READ
3296,LOGOUT
8843,READ
6347,CREATE
7105,UPDATE
8530,LOGIN
7470,READ
6706,UPDATE
4671,LOGIN
7854,UPDATE
883,CREATE
920,DELETE
2478,CREATE
4675,LOGIN
8102,LOGIN
7344,LOGOUT
4989,LOGIN
7910,CREATE
1303,DELETE
6808,CREATE
7360,CREATE
6081,UPDATE
3156,READ
1976,CREATE
5635,DELETE
465,CREATE
2204,CREATE
9173,LOGOUT
6348,DELETE
8002,CREATE
3584,DELETE
5308,DELETE
6018,DELETE
7277,READ
126,LOGIN
5174,LOGIN
864,UPDATE
6678,UPDATE
8297,LOGOUT
7422,UPDATE
5167,LOGOUT
3994,LOGIN
6449,DELETE
3874,LOGOUT
6589,DELETE
6817,UPDATE
4789,LOGOUT
8707,CREATE
4708,DELETE
9582,CREATE
5045,CREATE
6309,READ
2545,UPDATE
1519,LOGIN
3644,DELETE
2148,LOGOUT
6189,LOGIN
4958,READ
2637,CREATE
8777,UPDATE
4246,UPDATE
9785,LOGIN
4270,CREATE
3365,LOGOUT
7042,LOGIN
6203,CREATE
1256,READ
3530,UPDATE
2063,UPDATE
2865,LOGIN
2831,UPDATE
3160,UPDATE
9422,LOGOUT
3372,DELETE
4769,DELETE
162,CREATE
9786,READ
5846,DELETE
1495,CREATE
5752,DELETE
7115,DELETE
8456,LOGIN
9930,UPDATE
8999,UPDATE
7164,LOGOUT
5184,CREATE
3645,READ
246,READ
2325,CREATE
7367,LOGOUT
282,LOGIN
6168,DELETE
1973,DELETE
2636,CREATE
9133,LOGIN
8132,READ
6571,CREATE
5952,LOGIN
3600,READ
2359,CREATE
3298,DELETE
7369,LOGOUT
3289,READ
1201,LOGIN
5689,CREATE
6037,LOGOUT
7147,LOGIN
9247,LOGOUT
6040,READ
1300,DELETE
6006,DELETE
8813,DELETE
313,READ
5812,DELETE
260,UPDATE
9413,UPDATE
7249,READ
3852,CREATE
966,LOGIN
4147,DELETE
8092,LOGIN
7591,READ
208,DELETE
9691,CREATE
6583,LOGIN
2569,CREATE
5120,CREATE
7393,DELETE
7679,UPDATE
3212,READ
7469,READ
5667,READ
2982,LOGOUT
8567,LOGIN
8584,LOGIN
8617,LOGOUT
9562,LOGOUT
3478,DELETE
4048,LOGOUT
5006,UPDATE
9249,UPDATE
9743,LOGOUT
1637,READ
1626,CREATE
3519,DELETE
458,READ
1388,READ
5302,READ
443,UPDATE
7697,READ
7217,DELETE
1090,DELETE
1706,DELETE
8890,LOGOUT
2334,LOGOUT
4908,READ
9733,DELETE
8880,LOGIN
1281,READ
4935,UPDATE
4684,LOGOUT
5513,LOGIN
8129,DELETE
7830,CREATE
5516,LOGOUT
370,LOGOUT
605,LOGIN
7210,LOGIN
4679,CREATE
960,UPDATE
7928,LOGOUT
1920,DELETE
5439,CREATE
2049,LOGIN
3744,LOGOUT
6251,LOGIN
8217,LOGOUT
990,UPDATE
8871,LOGOUT
2027,LOGOUT
5701,CREATE
6117,LOGOUT
4683,UPDATE
6525,READ
4245,DELETE
3608,LOGIN
9795,LOGIN
997,READ
3246,READ
3884,CREATE
3422,UPDATE
9858,UPDATE
3260,READ
5123,LOGIN
2727,READ
8161,LOGOUT
2200,LOGOUT
1832,UPDATE
6201,LOGOUT
1870,LOGOUT
9037,READ
6810,UPDATE
8065,DELETE
3934,LOGIN
4711,LOGIN
1474,READ
7333,CREATE
1270,CREATE
955,CREATE
7542,UPDATE
4023,LOGOUT
3056,LOGOUT
6409,UPDATE
2241,UPDATE
2492,READ
8238,UPDATE
9503,UPDATE
8650,CREATE
61,DELETE
4868,LOGIN
8685,CREATE
7756,DELETE
8215,UPDATE
4956,LOGOUT
9407,CREATE
9532,LOGOUT
8058,CREATE
854,LOGIN
9436,LOGOUT
611,CREATE
9567,UPDATE
2145,DELETE
7786,DELETE
7227,DELETE
5441,READ
2056,LOGOUT
3091,LOGOUT
1876,UPDATE
2531,UPDATE
2622,CREATE
1828,LOGIN
6861,DELETE
8628,LOGIN
3403,UPDATE
2794,CREATE
9997,UPDATE
7002,LOGIN
2989,CREATE
5080,CREATE
6775,CREATE
1225,READ
5446,LOGIN
871,LOGOUT
128,READ
8469,UPDATE
9741,UPDATE
6675,UPDATE
3755,DELETE
7061,READ
5862,UPDATE
2320,LOGOUT
5203,UPDATE
868,DELETE
2003,UPDATE
8343,LOGIN
4127,LOGIN
2182,LOGOUT
6648,DELETE
490,LOGIN
2100,UPDATE
7176,LOGOUT
685,LOGIN
9002,LOGOUT
743,LOGIN
1171,UPDATE
1370,CREATE
2025,LOGIN
3827,READ
6927,READ
2989,LOGOUT
4604,READ
4062,READ
2842,DELETE
5351,UPDATE
4797,LOGIN
2814,LOGOUT
5953,LOGIN
2966,LOGIN
2483,LOGIN
8485,DELETE
8552,READ
7862,READ
2316,DELETE
6535,LOGIN
8734,DELETE
5348,LOGOUT
3087,DELETE
4422,UPDATE
366,UPDATE
3318,DELETE
105,LOGIN
6913,READ
393,LOGOUT
9143,DELETE
7965,READ
2503,CREATE
2847,UPDATE
546,LOGOUT
9316,UPDATE
7367,LOGOUT
1535,LOGIN
9545,DELETE
2289,UPDATE
1954,UPDATE
4873,UPDATE
2736,DELETE
8131,DELETE
9657,LOGOUT
314,READ
5385,UPDATE
7122,UPDATE
7759,READ
8523,CREATE
4557,LOGOUT
9044,LOGIN
4862,CREATE
9717,DELETE
6579,DELETE
6026,UPDATE
7805,LOGOUT
9901,CREATE
8345,DELETE
7536,LOGIN
6668,LOGOUT
9303,UPDATE
5434,UPDATE
7114,UPDATE
3350,READ
7834,UPDATE
4508,LOGOUT
7747,UPDATE
7473,DELETE
2933,UPDATE
5541,LOGOUT
8537,DELETE
1540,LOGOUT
3171,DELETE
9446,LOGOUT
3735,LOGOUT
9140,UPDATE
2397,UPDATE
3581,LOGIN
2343,CREATE
969,UPDATE
3998,LOGIN
5037,DELETE
8848,CREATE
549,DELETE
6600,CREATE
5389,UPDATE
6753,CREATE
9777,UPDATE
512,LOGOUT
8018,LOGIN
4521,LOGOUT
3960,DELETE
6516,LOGOUT
1471,LOGOUT
9077,UPDATE
736,UPDATE
3321,READ
5733,UPDATE
8630,LOGOUT
4267,LOGIN
3570,DELETE
6183,LOGIN
5267,DELETE
9468,LOGIN
2805,DELETE
9585,DELETE
2769,READ
8368,DELETE
3832,LOGIN
3920,READ
7251,CREATE
4777,CREATE
1090,CREATE
5865,UPDATE
6581,CREATE
7426,CREATE
9754,LOGIN
4625,READ
6359,READ
3880,LOGOUT
7639,READ
9186,DELETE
5440,CREATE
2003,LOGOUT
5063,CREATE
1688,LOGIN
4337,READ
1226,DELETE
635,LOGIN
1728,LOGOUT
9410,LOGIN
7382,LOGOUT
5562,LOGIN
6398,DELETE
9586,UPDATE
9652,CREATE
4231,UPDATE
2124,DELETE
7948,LOGIN
3078,LOGIN
4288,CREATE
2708,CREATE
614,DELETE
5067,DELETE
1105,UPDATE
3601,UPDATE
6691,LOGIN
5952,DELETE
9893,READ
5486,LOGOUT
1830,UPDATE
2891,CREATE
9177,CREATE
1857,LOGOUT
7929,DELETE
1842,CREATE
8057,CREATE
8552,DELETE
9883,READ
2311,UPDATE
6942,CREATE
6459,LOGIN
543,READ
4907,DELETE
1869,LOGIN
8230,READ
2213,UPDATE
7408,DELETE
1067,DELETE
6670,DELETE
8208,LOGOUT
6287,CREATE
9974,DELETE
6893,CREATE
2975,READ
1752,LOGIN
1642,UPDATE
9150,UPDATE
8986,CREATE
5389,UPDATE
7025,LOGOUT
2474,DELETE
2795,DELETE
5759,UPDATE
8121,CREATE
1659,READ
8367,LOGOUT
5781,UPDATE
4125,DELETE
1004,DELETE
8523,CREATE
6198,READ
3467,CREATE
558,UPDATE
8520,CREATE
5552,LOGOUT
5192,CREATE
2450,DELETE
9214,READ
4805,UPDATE
327,LOGOUT
7324,CREATE
8942,READ
8849,DELETE
9142,DELETE
1928,READ
5349,LOGOUT
9171,READ
1300,LOGOUT
68,UPDATE
8410,LOGOUT
6489,CREATE
6172,LOGOUT
8304,LOGOUT
7881,LOGIN
179,UPDATE
5857,LOGOUT
6634,CREATE
5406,DELETE
2655,CREATE
4499,UPDATE
7339,LOGOUT
6317,CREATE
2428,UPDATE
9548,CREATE
5572,LOGOUT
1468,LOGIN
8061,DELETE
8302,CREATE
1158,READ
5781,READ
9940,READ
160,DELETE
7704,LOGOUT
3169,READ
8396,READ
9065,LOGIN
4907,UPDATE
5679,DELETE
862,LOGOUT
1094,CREATE
57,READ
8972,UPDATE
5770,LOGIN
6450,READ
4773,DELETE
7258,READ
2616,UPDATE
6905,LOGIN
660,READ
6440,LOGOUT
1766,LOGOUT
3032,DELETE
7845,LOGIN
9562,LOGOUT
9665,UPDATE
1484,READ
1138,CREATE
8848,CREATE
9217,LOGOUT
161,READ
1455,LOGOUT
8035,UPDATE
6168,LOGOUT
7809,UPDATE
4535,LOGIN
6918,READ
1866,LOGIN
1222,CREATE
3702,LOGIN
4231,UPDATE
3361,READ
9928,LOGIN
8219,LOGOUT
7640,LOGOUT
4814,LOGOUT
7537,LOGOUT
4933,LOGIN
2667,CREATE
7546,READ
1068,READ
313,READ
9022,READ
7923,READ
796,CREATE
7638,LOGOUT
7759,READ
8162,UPDATE
6163,CREATE
6155,READ
347,LOGOUT
4410,READ
954,LOGOUT
6060,READ
6469,UPDATE
1219,READ
4127,LOGIN
5063,DELETE
9670,CREATE
7194,CREATE
5912,LOGOUT
7479,LOGOUT
8224,UPDATE
8040,DELETE
9805,DELETE
8201,READ
7642,LOGOUT
1278,LOGOUT
6896,DELETE
2249,CREATE
4767,READ
4056,LOGIN
4956,READ
1493,LOGIN
307,LOGIN
6756,LOGOUT
7276,LOGIN
9987,UPDATE
916,LOGOUT
4317,LOGIN
90,UPDATE
3525,CREATE
5596,CREATE
7743,CREATE
2899,DELETE
8064,CREATE
262,READ
1946,UPDATE
5007,READ
811,LOGOUT
8223,LOGIN
3130,UPDATE
555,READ
5039,LOGIN
1407,LOGOUT
2825,UPDATE
2365,READ
5497,LOGOUT
124,DELETE
3420,DELETE
6505,DELETE
9758,LOGIN
5758,LOGOUT
3150,UPDATE
3265,UPDATE
3776,READ
8296,CREATE
8287,UPDATE
3119,READ
9871,READ
9763,LOGIN
9835,CREATE
2984,LOGIN
6898,CREATE
2949,CREATE
9264,DELETE
3938,UPDATE
8897,CREATE
1060,CREATE
2604,READ
4460,CREATE
8830,READ
2718,LOGIN
8834,DELETE
5032,CREATE
5581,DELETE
6613,UPDATE
2112,CREATE
9722,LOGOUT
1086,CREATE
3456,READ
1230,CREATE
7668,READ
9149,LOGIN
27,LOGOUT
6859,CREATE
3855,READ
2084,CREATE
8730,LOGIN
522,DELETE
6228,LOGOUT
3728,LOGOUT
398,UPDATE
4929,UPDATE
4524,LOGOUT
3330,CREATE
3209,CREATE
3295,CREATE
4638,UPDATE
3442,UPDATE
7903,READ
4129,DELETE
5835,LOGOUT
3624,DELETE
8026,UPDATE
1458,LOGIN
4906,CREATE
1545,CREATE
8431,CREATE
1929,CREATE
2851,UPDATE
6523,CREATE
5252,LOGOUT
4573,READ
7728,LOGOUT
7719,LOGOUT
6364,LOGOUT
6125,DELETE
749,CREATE
8900,DELETE
4292,CREATE
5242,LOGIN
671,READ
1434,UPDATE
346,CREATE
933,READ
8826,LOGOUT
4401,DELETE
9351,READ
7079,CREATE
515,UPDATE
9679,LOGIN
9583,UPDATE
2760,LOGOUT
670,READ
4676,UPDATE
6749,READ
1246,LOGIN
9316,UPDATE
5569,CREATE
7536,UPDATE
5299,CREATE
5811,DELETE
4787,READ
9701,LOGOUT
8180,LOGIN
6051,CREATE
3407,DELETE
9668,LOGOUT
7883,READ
1402,UPDATE
1574,LOGOUT
9235,DELETE
4948,UPDATE
2276,LOGOUT
3304,UPDATE
6277,READ
1326,CREATE
900,LOGOUT
3424,LOGIN
189,LOGIN
8599,UPDATE
6331,UPDATE
7633,UPDATE
9202,UPDATE
5419,DELETE
3459,LOGIN
2473,LOGIN
4113,CREATE
7017,DELETE
3619,LOGOUT
2183,LOGIN
7658,READ
3192,UPDATE
5534,DELETE
467,CREATE
574,READ
8933,READ
439,LOGIN
6644,READ
4083,LOGOUT
1462,READ
1539,UPDATE
9453,LOGIN
2727,CREATE
8331,CREATE
958,DELETE
2994,LOGIN
2404,LOGOUT
2757,CREATE
7585,CREATE
5479,LOGIN
1366,LOGIN
7313,READ
7403,CREATE
2903,LOGOUT
7987,DELETE
3801,DELETE
5103,UPDATE
4261,LOGIN
2751,LOGIN
2333,DELETE
818,DELETE
7437,LOGOUT
6999,UPDATE
2599,LOGIN
7474,LOGIN
4171,LOGIN
9526,READ
4586,CREATE
6464,CREATE
3278,UPDATE
2228,LOGIN
2660,UPDATE
7371,CREATE
9510,READ
1543,LOGOUT
4539,DELETE
2546,DELETE
8094,LOGOUT
9348,UPDATE
6261,DELETE
8614,CREATE
3277,DELETE
901,LOGOUT
9155,LOGIN
2559,UPDATE
9939,CREATE
7908,READ
9770,LOGOUT
294,DELETE
4319,LOGIN
8138,LOGOUT
4429,LOGIN
836,LOGIN
681,READ
832,LOGOUT
3800,READ
575,READ
6861,LOGIN
3226,LOGOUT
7848,READ
4436,DELETE
6263,UPDATE
7435,LOGOUT
5685,LOGIN
4987,DELETE
6286,DELETE
8314,CREATE
3307,CREATE
3766,UPDATE
7448,LOGOUT
3080,CREATE
8635,CREATE
6548,DELETE
7186,LOGIN
3575,CREATE
425,LOGOUT
7079,READ
886,LOGIN
9611,UPDATE
3040,DELETE
1463,DELETE
6170,LOGIN
6645,DELETE
2019,DELETE
3103,LOGOUT
8825,DELETE
708,UPDATE
1665,LOGIN
3955,UPDATE
3350,READ
904,READ
4088,UPDATE
5210,UPDATE
7754,CREATE
9932,LOGIN
8607,LOGIN
3599,DELETE
4262,READ
7495,LOGIN
2475,CREATE
4789,LOGIN
9961,LOGOUT
4530,UPDATE
8076,LOGOUT
7753,LOGOUT
6521,CREATE
4297,CREATE
4563,LOGIN
3302,UPDATE
3279,CREATE
4,CREATE
9118,READ
8910,LOGOUT
6703,LOGIN
5804,LOGOUT
7430,READ
6196,LOGOUT
8859,DELETE
7758,CREATE
3650,READ
9922,CREATE
7097,CREATE
7903,READ
7865,LOGIN
7347,CREATE
6107,READ
6656,UPDATE
474,READ
1288,LOGOUT
631,CREATE
5819,UPDATE
3670,UPDATE
6661,UPDATE
6120,READ
6979,DELETE
5377,LOGOUT
6976,CREATE
2028,CREATE
5376,DELETE
1225,LOGIN
6647,LOGIN
3832,UPDATE
9835,LOGIN
335,UPDATE
185,UPDATE
4233,READ
2691,CREATE
5759,LOGOUT
1681,CREATE
8601,READ
638,LOGOUT
9683,CREATE
2337,DELETE
196,CREATE
424,LOGIN
3869,CREATE
8802,CREATE
879,LOGOUT
4016,DELETE
6021,CREATE
4286,UPDATE
7832,UPDATE
4847,LOGOUT
9411,UPDATE
2531,LOGIN
7600,LOGIN
2151,READ
3771,LOGOUT
9913,LOGOUT
5322,LOGIN
713,READ
5323,DELETE
4981,LOGOUT
9976,DELETE
5975,DELETE
1050,DELETE
3510,CREATE
1941,READ
7742,UPDATE
5913,DELETE
6533,UPDATE
8735,READ
5367,LOGOUT
2227,DELETE
4452,DELETE
8015,READ
6656,LOGOUT
1610,LOGOUT
8962,READ
1726,CREATE
8364,LOGOUT
8242,CREATE
9484,LOGOUT
2433,DELETE
4228,LOGOUT
5596,LOGOUT
8491,LOGIN
6601,LOGOUT
7275,DELETE
1354,LOGIN
3372,LOGIN
5227,UPDATE
6854,CREATE
9781,READ
6441,DELETE
4782,READ
3641,UPDATE
7316,LOGIN
1448,DELETE
5153,LOGOUT
1800,UPDATE
1884,READ
6180,UPDATE
3285,LOGIN
3774,DELETE
1167,CREATE
1360,LOGOUT
509,DELETE
747,READ
2012,LOGIN
1839,LOGIN
6550,UPDATE
1026,LOGOUT
1781,CREATE
1801,READ
481,LOGIN
634,LOGOUT
4795,LOGIN
7746,LOGOUT
8376,READ
5663,UPDATE
6355,UPDATE
6677,DELETE
7409,LOGIN
1380,LOGOUT
7304,READ
8976,READ
7424,DELETE
5090,LOGOUT
7488,LOGIN
2384,READ
5981,UPDATE
5550,DELETE
1435,LOGIN
9921,UPDATE
7577,LOGIN
645,DELETE
4304,READ
8215,LOGOUT
981,UPDATE
8465,READ
3085,READ
5093,LOGIN
3551,LOGOUT
7456,LOGIN
4545,UPDATE
168,UPDATE
7695,LOGOUT
2561,READ
4203,LOGOUT
2936,LOGOUT
1100,LOGIN
7338,READ
7218,DELETE
7317,LOGIN
577,READ
3749,LOGOUT
8774,LOGOUT
5925,LOGOUT
8717,CREATE
3032,LOGOUT
384,READ
6080,CREATE
6863,CREATE
7004,CREATE
4244,LOGIN
4934,UPDATE
7851,LOGIN
4976,CREATE
6022,LOGOUT
3098,LOGOUT
9308,LOGIN
5188,LOGIN
5374,DELETE
7530,LOGIN
2365,UPDATE
3968,READ
9670,READ
1796,CREATE
2807,READ
6828,LOGIN
6508,UPDATE
9803,LOGOUT
5807,UPDATE
6475,LOGIN
6289,LOGIN
7620,READ
2293,LOGOUT
297,READ
5364,READ
3567,LOGOUT
4485,LOGIN
3686,DELETE
4929,CREATE
5236,LOGOUT
5967,CREATE
746,LOGIN
2634,LOGOUT
2429,CREATE
4703,CREATE
8183,LOGOUT
8928,DELETE
9049,LOGIN
7478,READ
9735,READ
5369,DELETE
7034,UPDATE
4461,UPDATE
3141,READ
7670,DELETE
2850,CREATE
5770,UPDATE
2890,DELETE
708,LOGIN
4063,LOGIN
9656,CREATE
6720,DELETE
9400,CREATE
1006,CREATE
7813,UPDATE
4159,CREATE
720,CREATE
4110,LOGIN
9410,LOGOUT
289,DELETE
8565,CREATE
4005,DELETE
8910,READ
8644,CREATE
1359,LOGOUT
1089,CREATE
8612,LOGIN
2647,READ
4979,LOGOUT
4791,LOGOUT
1470,DELETE
7575,UPDATE
4462,DELETE
4457,CREATE
2143,READ
8302,UPDATE
9190,DELETE
3020,UPDATE
4461,LOGOUT
8375,DELETE
1743,DELETE
170,DELETE
5041,READ
949,LOGOUT
3321,UPDATE
3594,UPDATE
1776,READ
7578,DELETE
1152,LOGIN
5887,LOGOUT
6290,CREATE
8571,READ
210,CREATE
6636,LOGOUT
1493,LOGIN
8468,LOGOUT
5286,LOGOUT
2571,LOGIN
4336,UPDATE
997,LOGOUT
6180,DELETE
4998,LOGOUT
8163,UPDATE
7748,READ
4137,LOGOUT
7699,LOGIN
8424,UPDATE
9729,LOGIN
102,LOGOUT
31,DELETE
6644,LOGIN
5784,UPDATE
1923,UPDATE
2689,DELETE
3136,CREATE
3256,LOGOUT
4258,READ
1371,READ
5985,CREATE
3763,DELETE
3247,READ
3162,LOGIN
177,DELETE
5729,READ
8718,UPDATE
2708,UPDATE
5134,UPDATE
7869,CREATE
1913,UPDATE
4276,DELETE
5219,CREATE
4173,LOGIN
7466,DELETE
8499,LOGOUT
3955,LOGOUT
1841,DELETE
3252,READ
3901,LOGOUT
3564,READ
3691,LOGIN
575,LOGOUT
9565,READ
1683,LOGIN
2457,DELETE
8063,READ
8280,CREATE
3316,DELETE
795,UPDATE
4598,LOGOUT
2159,UPDATE
2827,LOGOUT
5101,CREATE
8160,LOGIN
2555,CREATE
3622,DELETE
5547,LOGIN
8789,LOGOUT
995,CREATE
2385,UPDATE
8940,CREATE
3919,UPDATE
4001,LOGIN
8843,LOGOUT
8645,UPDATE
9527,READ
6357,LOGOUT
2108,UPDATE
195,LOGOUT
3886,DELETE
5203,UPDATE
8391,CREATE
1101,UPDATE
9244,UPDATE
5697,UPDATE
8785,LOGOUT
3559,CREATE
4716,CREATE
2991,DELETE
4986,LOGOUT
3993,LOGIN
3987,UPDATE
3043,DELETE
2558,DELETE
5655,DELETE
8182,DELETE
9073,UPDATE
5504,LOGOUT
5886,LOGIN
1948,READ
8398,LOGIN
5651,UPDATE
1421,READ
8022,DELETE
3742,UPDATE
7848,LOGOUT
2761,UPDATE
6851,READ
2697,CREATE
2288,CREATE
765,READ
6943,LOGOUT
4068,UPDATE
9251,UPDATE
3066,LOGIN
6873,LOGOUT
6579,UPDATE
4718,READ
8474,LOGOUT
1515,UPDATE
5982,CREATE
455,DELETE
744,CREATE
6744,READ
1118,LOGOUT
2859,UPDATE
3180,CREATE
8903,UPDATE
8658,UPDATE
1146,LOGOUT
9361,READ
6122,LOGIN
3090,CREATE
7417,CREATE
4558,CREATE
9870,CREATE
4343,LOGOUT
7540,CREATE
4621,LOGOUT
1785,UPDATE
2597,DELETE
4298,UPDATE
4477,LOGIN
2572,DELETE
8744,UPDATE
5365,LOGOUT
5012,LOGOUT
8876,LOGOUT
6939,LOGOUT
9043,LOGOUT
3355,DELETE
3912,LOGIN
3849,UPDATE
3617,READ
8106,CREATE
1925,LOGIN
9673,DELETE
2535,UPDATE
1546,LOGOUT
6425,CREATE
512,READ
9282,CREATE
3010,UPDATE
7682,CREATE
6019,CREATE
330,LOGOUT
3917,UPDATE
7164,LOGOUT
8290,LOGIN
9003,READ
1920,CREATE
3057,DELETE
1329,READ
6176,DELETE
4729,LOGOUT
2408,UPDATE
8226,UPDATE
218,UPDATE
4150,READ
9924,DELETE
1540,UPDATE
6186,CREATE
4970,CREATE
5899,LOGOUT
4304,LOGOUT
5510,UPDATE
9355,CREATE
9813,CREATE
8201,CREATE
2705,LOGIN
927,LOGOUT
7282,CREATE
7388,LOGOUT
5225,CREATE
5449,READ
4683,LOGIN
7813,UPDATE
4650,CREATE
7804,UPDATE
9908,LOGOUT
4211,READ
7758,CREATE
2558,UPDATE
6653,LOGIN
6485,LOGIN
998,CREATE
4797,CREATE
8343,CREATE
8427,LOGOUT
2075,DELETE
2021,LOGIN
5279,DELETE
5538,LOGIN
7303,UPDATE
4578,UPDATE
1014,LOGIN
8843,UPDATE
6239,LOGIN
9873,DELETE
5266,UPDATE
4213,LOGOUT
2701,DELETE
9304,LOGOUT
6998,DELETE
8218,LOGIN
5704,LOGOUT
7690,UPDATE
3681,DELETE
9149,UPDATE
7525,UPDATE
4104,READ
4310,CREATE
6480,DELETE
6908,LOGIN
6651,UPDATE
3133,LOGIN
4219,LOGIN
5517,READ
9511,LOGOUT
3952,LOGOUT
776,LOGOUT
8465,CREATE
3358,DELETE
3040,LOGOUT
6876,LOGOUT
5608,DELETE
7560,READ
8050,UPDATE
7831,DELETE
9906,LOGIN
549,UPDATE
2654,READ
2302,LOGOUT
7513,DELETE
6268,LOGIN
9853,READ
333,CREATE
7871,LOGOUT
959,DELETE
6814,DELETE
5444,LOGIN
7730,READ
9163,DELETE
3543,LOGOUT
8792,CREATE
7317,READ
5269,UPDATE
1139,LOGOUT
9159,READ
6755,LOGOUT
2207,DELETE
5767,LOGIN
6409,CREATE
485,READ
191,READ
1199,READ
4242,CREATE
2047,DELETE
3345,LOGIN
9125,DELETE
90,UPDATE
6468,UPDATE
9880,DELETE
22,DELETE
1342,LOGOUT
5905,READ
5157,LOGOUT
2281,LOGOUT
6207,DELETE
2197,DELETE
5692,READ
1824,LOGOUT
7484,CREATE
6121,UPDATE
7358,LOGOUT
1185,DELETE
3943,DELETE
6909,CREATE
1567,LOGOUT
9279,LOGIN
9850,LOGIN
5826,LOGOUT
1022,LOGOUT
4308,LOGOUT
8815,UPDATE
5552,READ
7397,READ
2471,UPDATE
3517,UPDATE
5908,UPDATE
4159,LOGOUT
1029,LOGIN
3075,READ
1552,CREATE
3740,DELETE
8626,LOGOUT
3592,LOGIN
606,DELETE
1929,CREATE
526,DELETE
3756,UPDATE
2285,LOGIN
7032,CREATE
5231,CREATE
9699,LOGIN
2299,LOGIN
2426,LOGIN
5069,CREATE
2319,CREATE
5184,LOGOUT
6564,READ
9722,UPDATE
2824,DELETE
7370,READ
9346,LOGOUT
2139,DELETE
6402,CREATE
8151,UPDATE
6028,UPDATE
2208,DELETE
5593,READ
4359,CREATE
153,UPDATE
5576,LOGIN
1977,DELETE
7774,UPDATE
3671,LOGIN
3207,LOGOUT
8408,LOGIN
1447,LOGOUT
704,LOGOUT
4533,READ
4664,READ
9964,UPDATE
74,DELETE
6092,UPDATE
5179,READ
6235,CREATE
9766,CREATE
3969,LOGIN
3685,LOGIN
1971,LOGIN
8749,LOGIN
706,LOGOUT
7047,DELETE
9233,LOGOUT
9325,LOGIN
9697,UPDATE
321,CREATE
4030,CREATE
1768,UPDATE
8673,LOGOUT
3602,UPDATE
7108,UPDATE
6528,LOGIN
3600,READ
55,LOGIN
4027,UPDATE
453,READ
5848,LOGIN
5942,LOGIN
956,LOGIN
6254,CREATE
6722,LOGIN
847,DELETE
2206,LOGIN
5889,LOGIN
6978,CREATE
6911,DELETE
7690,LOGOUT
2868,READ
6282,LOGIN
2015,UPDATE
7181,CREATE
608,LOGIN
9738,LOGIN
8828,CREATE
9862,CREATE
119,DELETE
5152,LOGOUT
9396,CREATE
770,READ
7682,UPDATE
2972,LOGOUT
7144,UPDATE
3797,READ
9834,LOGOUT
1654,CREATE
7845,LOGOUT
3769,LOGIN
6345,LOGOUT
9059,DELETE
9881,LOGOUT
1728,DELETE
5265,UPDATE
4160,LOGOUT
3083,CREATE
9091,UPDATE
1911,LOGIN
3074,READ
2148,LOGIN
5432,UPDATE
3822,DELETE
5598,LOGOUT
9915,CREATE
9077,CREATE
4249,CREATE
6263,LOGOUT
6301,DELETE
405,LOGIN
6975,LOGOUT
9432,LOGIN
7094,LOGIN
1162,CREATE
4449,LOGOUT
7576,UPDATE
472,LOGIN
3692,UPDATE
9874,DELETE
9374,LOGIN
5726,DELETE
4063,LOGIN
3275,LOGIN
7881,LOGOUT
975,CREATE
5085,CREATE
9903,LOGIN
2939,LOGIN
2585,READ
5375,CREATE
2786,READ
3108,DELETE
6178,LOGOUT
8970,UPDATE
4001,LOGOUT
4698,LOGIN
4520,READ
7203,CREATE
5148,DELETE
3205,LOGOUT
7289,DELETE
4328,LOGOUT
3847,DELETE
1415,READ
6880,UPDATE
7683,UPDATE
6908,LOGOUT
5913,LOGOUT
3709,CREATE
2815,DELETE
6989,LOGOUT
9270,CREATE
5698,DELETE
438,UPDATE
1012,READ
1409,LOGOUT
1999,LOGOUT
9011,LOGOUT
4237,LOGIN
3482,READ
7052,LOGIN
8547,READ
5741,UPDATE
2543,UPDATE
8070,LOGOUT
2708,READ
3388,UPDATE
4166,READ
2912,DELETE
8939,LOGOUT
7626,DELETE
6526,UPDATE
7211,LOGOUT
1218,LOGIN
704,LOGOUT
2366,DELETE
3733,LOGOUT
6329,UPDATE
9262,DELETE
4728,READ
3213,LOGIN
1139,CREATE
5926,LOGIN
2033,READ
6309,CREATE
6006,DELETE
4075,LOGOUT
141,CREATE
2178,CREATE
9049,LOGOUT
2632,LOGIN
4313,CREATE
1723,READ
4386,DELETE
4976,DELETE
7017,UPDATE
3644,CREATE
5353,UPDATE
6892,READ
9293,LOGIN
60,UPDATE
2154,LOGOUT
2333,UPDATE
9906,READ
5926,CREATE
4657,DELETE
6150,LOGIN
4466,CREATE
2217,CREATE
8032,CREATE
5100,UPDATE
4634,CREATE
4299,LOGIN
5362,READ
441,UPDATE
5970,LOGIN
9515,LOGIN
836,UPDATE
8310,CREATE
2403,LOGOUT
2140,UPDATE
2874,LOGIN
9809,DELETE
3419,UPDATE
5364,LOGOUT
3316,DELETE
9810,DELETE
4004,LOGIN
3559,READ
7724,CREATE
9180,READ
6145,LOGOUT
8202,LOGIN
5679,DELETE
8545,UPDATE
9053,CREATE
3864,UPDATE
1553,READ
357,LOGIN
1072,LOGOUT
7153,READ
4494,LOGOUT
3695,READ
3226,LOGOUT
7477,LOGOUT
7106,DELETE
5245,CREATE
8016,CREATE
7622,UPDATE
9369,CREATE
3773,READ
5444,LOGIN
8570,DELETE
1589,CREATE
8557,UPDATE
4495,UPDATE
3299,UPDATE
1495,CREATE
5598,LOGIN
705,CREATE
1484,CREATE
6057,LOGIN
2374,UPDATE
5883,READ
9269,LOGIN
412,CREATE
9357,UPDATE
6365,LOGOUT
2929,UPDATE
9838,LOGOUT
3923,DELETE
6834,LOGOUT
3479,DELETE
770,LOGOUT
7712,CREATE
70,UPDATE
3818,READ
4050,READ
2445,LOGIN
8863,LOGIN
6756,LOGIN
3254,DELETE
4601,UPDATE
5262,READ
5960,CREATE
2178,READ
3489,DELETE
3563,DELETE
4524,UPDATE
8340,UPDATE
2840,READ
3843,DELETE
6900,DELETE
8815,CREATE
6289,LOGOUT
4141,READ
1037,UPDATE
8552,CREATE
8819,CREATE
4825,LOGIN
3467,CREATE
3993,CREATE
2537,READ
5630,CREATE
8865,READ
9770,LOGIN
2055,DELETE
1368,DELETE
9951,READ
572,UPDATE
2552,DELETE
1667,LOGOUT
6844,LOGOUT
4661,DELETE
1139,DELETE
8441,LOGIN
2802,LOGOUT
7286,LOGIN
7214,DELETE
4148,READ
8563,UPDATE
6370,UPDATE
1782,DELETE
3517,UPDATE
6826,CREATE
2055,CREATE
379,READ
8115,DELETE
4421,READ
3450,CREATE
1431,READ
1058,READ
9312,CREATE
8885,READ
1683,LOGIN
9522,READ
1397,LOGIN
8443,LOGOUT
2950,LOGIN
8844,LOGOUT
1288,READ
1107,LOGIN
7171,DELETE
5886,CREATE
8049,DELETE
6119,DELETE
8962,LOGIN
1275,CREATE
571,CREATE
1002,READ
1928,DELETE
9230,LOGIN
216,DELETE
6658,DELETE
5505,CREATE
3465,DELETE
2162,LOGOUT
187,CREATE
6829,CREATE
8200,LOGIN
3427,READ
2532,UPDATE
3902,CREATE
7337,DELETE
7874,LOGIN
8251,LOGOUT
9303,DELETE
1371,LOGOUT
6208,CREATE
1021,DELETE
9499,UPDATE
5575,CREATE
8189,DELETE
4637,UPDATE
903,CREATE
7952,LOGOUT
3329,LOGOUT
8710,READ
702,CREATE
1825,CREATE
9043,LOGOUT
3661,CREATE
7369,CREATE
7599,UPDATE
8751,UPDATE
745,UPDATE
7472,DELETE
5798,LOGIN
2349,LOGOUT
9594,READ
6753,CREATE
2965,LOGOUT
8841,CREATE
4665,LOGIN
9825,LOGOUT
2977,DELETE
1170,LOGIN
5045,LOGOUT
1633,UPDATE
7797,LOGIN
7695,LOGOUT
5710,DELETE
1584,CREATE
1426,READ
6038,READ
8218,DELETE
9188,CREATE
8974,DELETE
3768,CREATE
5681,UPDATE
8388,DELETE
6416,LOGOUT
7654,CREATE
7175,LOGIN
8091,LOGIN
2111,READ
3645,CREATE
980,LOGIN
5452,LOGOUT
9283,UPDATE
9363,UPDATE
7441,LOGIN
587,LOGIN
4395,LOGIN
5712,LOGOUT
1128,CREATE
7019,CREATE
6417,DELETE
7828,LOGIN
2217,DELETE
7679,DELETE
6921,CREATE
4485,DELETE
2129,LOGIN
9997,LOGIN
2473,LOGOUT
7793,LOGIN
5745,LOGIN
3408,LOGIN
2908,CREATE
9789,CREATE
3358,LOGIN
2683,UPDATE
4125,LOGIN
7331,LOGOUT
3790,READ
2781,LOGOUT
4236,READ
1416,READ
1396,DELETE
3948,READ
3291,LOGIN
2101,READ
2472,CREATE
4117,LOGOUT
7825,LOGIN
6116,DELETE
133,DELETE
8278,UPDATE
3697,UPDATE
6345,DELETE
7996,LOGOUT
8088,CREATE
2259,DELETE
2498,LOGIN
1152,LOGIN
5706,DELETE
5444,LOGIN
1852,LOGIN
138,LOGIN
4331,READ
1835,LOGIN
3646,DELETE
6832,READ
2939,CREATE
1420,CREATE
8721,UPDATE
167,LOGOUT
5151,CREATE
151,LOGIN
3502,CREATE
9228,LOGOUT
7524,UPDATE
7175,CREATE
8578,READ
1034,READ
6308,UPDATE
3794,DELETE
7804,CREATE
4851,LOGOUT
3063,READ
4594,LOGIN
3597,LOGOUT
3772,LOGIN
682,CREATE
1090,UPDATE
67,LOGIN
4284,READ
3590,DELETE
1271,LOGOUT
7874,CREATE
4667,CREATE
477,DELETE
2786,LOGOUT
5781,LOGOUT
7535,DELETE
2131,READ
2342,READ
103,READ
4463,CREATE
4699,DELETE
8059,DELETE
9679,DELETE
243,LOGOUT
5248,CREATE
9903,LOGOUT
8120,UPDATE
2052,LOGIN
8613,LOGIN
9750,DELETE
9824,DELETE
9431,UPDATE
8083,UPDATE
4274,READ
4040,UPDATE
4400,UPDATE
694,READ
9181,CREATE
1425,LOGIN
6252,LOGIN
9551,LOGIN
744,UPDATE
2997,UPDATE
4870,CREATE
3944,READ
8411,CREATE
7943,LOGOUT
7479,UPDATE
1006,READ
8628,READ
6352,LOGIN
7987,DELETE
1566,READ
8281,READ
8357,UPDATE
13,LOGOUT
4957,LOGOUT
1757,LOGIN
1819,LOGOUT
9768,DELETE
287,LOGIN
4493,LOGOUT
2392,CREATE
8265,DELETE
5776,READ
4711,LOGOUT
3221,LOGOUT
4152,CREATE
619,LOGIN
4541,LOGOUT
5292,DELETE
6262,CREATE
6146,LOGIN
6038,READ
1078,DELETE
8870,LOGIN
4490,DELETE
8297,CREATE
5344,DELETE
6609,UPDATE
774,UPDATE
3622,READ
4800,UPDATE
6528,LOGIN
6531,READ
7769,LOGIN
9555,LOGOUT
4925,DELETE
393,READ
1836,DELETE
1537,DELETE
5212,LOGIN
3902,LOGOUT
8536,READ
3607,DELETE
4227,READ
7353,LOGOUT
4139,READ
3465,LOGIN
5545,UPDATE
1715,LOGIN
5198,LOGOUT
9602,LOGOUT
7877,LOGOUT
3567,UPDATE
2082,CREATE
1093,DELETE
6328,CREATE
8135,LOGIN
6983,UPDATE
3831,READ
5043,UPDATE
3535,LOGIN
3969,UPDATE
9337,UPDATE
2484,READ
3864,CREATE
2087,LOGIN
4382,UPDATE
735,LOGOUT
1052,DELETE
9776,LOGIN
906,READ
6814,DELETE
1408,UPDATE
1724,LOGOUT
9053,READ
3240,CREATE
3856,UPDATE
8745,LOGIN
8803,LOGIN
1489,DELETE
9090,UPDATE
6577,READ
7013,LOGOUT
1410,UPDATE
3706,DELETE
2336,LOGOUT
4873,CREATE
2563,UPDATE
4638,UPDATE
2281,DELETE
6627,CREATE
9002,CREATE
3932,LOGOUT
8241,LOGIN
6912,LOGOUT
146,LOGOUT
5630,CREATE
3929,UPDATE
7528,READ
175,UPDATE
1622,UPDATE
6920,CREATE
2733,CREATE
1514,CREATE
6307,UPDATE
7381,CREATE
6446,LOGOUT
4922,LOGIN
3678,LOGIN
3883,READ
4688,CREATE
9359,UPDATE
2049,UPDATE
47,LOGIN
5044,READ
264,CREATE
3457,LOGOUT
8737,DELETE
1884,UPDATE
3305,LOGOUT
2427,READ
8573,UPDATE
4640,UPDATE
9900,CREATE
4592,CREATE
7126,READ
821,DELETE
9265,UPDATE
750,DELETE
2619,LOGOUT
1148,UPDATE
4931,DELETE
4268,UPDATE
7083,LOGIN
4755,DELETE
7505,READ
9066,UPDATE
7542,LOGOUT
8055,LOGOUT
5328,LOGOUT
6096,LOGOUT
4638,READ
4098,DELETE
7611,CREATE
1998,UPDATE
3043,DELETE
8336,READ
4198,LOGIN
6358,LOGOUT
9660,LOGOUT
9912,READ
1010,LOGOUT
6772,READ
7374,DELETE
3958,UPDATE
5186,UPDATE
5793,DELETE
3988,LOGIN
4485,UPDATE
550,DELETE
2977,LOGIN
9118,DELETE
4714,UPDATE
9482,LOGOUT
1661,DELETE
3698,CREATE
1413,LOGOUT
8910,CREATE
8564,LOGOUT
8507,LOGIN
7205,LOGOUT
226,LOGIN
3801,LOGIN
2374,CREATE
3279,LOGIN
8252,READ
4935,DELETE
6451,LOGOUT
7527,LOGOUT
5278,CREATE
1818,UPDATE
1140,CREATE
1119,LOGIN
8323,DELETE
3824,LOGIN
9091,LOGIN
8617,CREATE
2711,UPDATE
5484,READ
2646,DELETE
6633,LOGOUT
1241,LOGIN
1638,LOGIN
4198,CREATE
1557,CREATE
769,UPDATE
1847,READ
1035,READ
6358,READ
8586,READ
1901,LOGOUT
3019,UPDATE
5284,LOGOUT
8494,DELETE
8170,DELETE
7494,LOGIN
543,CREATE
4611,LOGIN
9793,READ
8948,LOGOUT
8856,CREATE
9055,READ
9198,CREATE
4961,LOGOUT
2157,READ
4422,LOGOUT
581,LOGIN
1017,CREATE
1570,LOGOUT
9738,LOGOUT
8174,LOGOUT
8870,CREATE
2123,READ
6855,CREATE
6527,READ
4788,LOGIN
6683,UPDATE
3817,DELETE
7122,LOGIN
3254,LOGOUT
5042,LOGIN
3813,LOGOUT
5291,UPDATE
4431,LOGOUT
1943,LOGIN
8754,DELETE
2828,LOGIN
9930,UPDATE
9494,LOGOUT
742,UPDATE
4417,DELETE
5123,UPDATE
6691,LOGOUT
6469,LOGOUT
4903,READ
17,DELETE
695,DELETE
8601,DELETE
1113,READ
1798,DELETE
1980,READ
424,UPDATE
9475,UPDATE
6853,DELETE
5360,LOGIN
7450,DELETE
1224,LOGOUT
4384,UPDATE
5257,CREATE
6039,UPDATE
7590,CREATE
5396,UPDATE
7611,DELETE
2789,DELETE
5284,DELETE
259,CREATE
8177,LOGOUT
2615,LOGOUT
7898,LOGIN
3386,LOGOUT
8342,UPDATE
2322,READ
7379,DELETE
56,DELETE
801,LOGIN
7652,CREATE
1190,UPDATE
1434,LOGIN
4088,UPDATE
9399,DELETE
3506,LOGOUT
3529,LOGOUT
8698,UPDATE
9914,DELETE
70,UPDATE
5020,CREATE
9476,UPDATE
860,DELETE
55,LOGIN
7892,DELETE
8257,UPDATE
9115,LOGIN
3701,CREATE
3728,READ
4195,READ
25,LOGOUT
9868,LOGIN
2186,LOGOUT
1043,READ
6441,UPDATE
6398,UPDATE
255,CREATE
9510,UPDATE
5311,UPDATE
9787,LOGOUT
1484,LOGOUT
5429,UPDATE
3691,LOGIN
9819,CREATE
9234,CREATE
921,READ
7101,DELETE
6498,UPDATE
2073,CREATE
8885,LOGOUT
7860,CREATE
5525,LOGOUT
7000,LOGOUT
3549,READ
8813,LOGIN
2142,UPDATE
5138,LOGIN
3858,CREATE
3401,UPDATE
835,UPDATE
7716,LOGIN
2015,CREATE
4535,LOGOUT
477,CREATE
3705,CREATE
4790,CREATE
413,UPDATE
9500,DELETE
9752,LOGOUT
8679,READ
1543,UPDATE
960,CREATE
9400,DELETE
9660,DELETE
2111,CREATE
452,UPDATE
1651,CREATE
3942,UPDATE
3847,CREATE
454,LOGOUT
3778,READ
4691,READ
639,DELETE
278,READ
1726,LOGOUT
5443,LOGOUT
2395,READ
3425,LOGIN
3172,READ
3411,CREATE
7322,READ
6349,DELETE
5480,LOGOUT
9568,UPDATE
5835,DELETE
3761,LOGIN
1526,DELETE
9386,LOGIN
4495,UPDATE
5267,READ
9494,UPDATE
5585,LOGOUT
1716,LOGIN
4802,DELETE
3651,DELETE
8447,LOGOUT
5769,CREATE
812,CREATE
905,DELETE
6708,READ
8004,LOGIN
9022,DELETE
742,LOGIN
8383,READ
1397,UPDATE
9597,CREATE
6592,LOGIN
5959,LOGIN
6577,READ
5236,LOGOUT
319,LOGIN
8328,UPDATE
4860,DELETE
1416,CREATE
9775,CREATE
4985,DELETE
4194,LOGOUT
9826,LOGOUT
9241,LOGOUT
8970,LOGOUT
1151,UPDATE
2336,LOGOUT
5901,CREATE
1363,UPDATE
7406,CREATE
6778,LOGOUT
7027,LOGIN
279,CREATE
9016,LOGIN
1297,UPDATE
3893,CREATE
5254,CREATE
5918,DELETE
4320,UPDATE
8583,DELETE
139,LOGOUT
2589,LOGOUT
3718,LOGIN
5119,UPDATE
696,UPDATE
2330,CREATE
3794,DELETE
4652,DELETE
6379,LOGIN
3663,CREATE
9146,CREATE
7549,LOGOUT
7118,LOGIN
8188,LOGOUT
1220,DELETE
1511,LOGOUT
1424,DELETE
2408,CREATE
2165,CREATE
2863,CREATE
3782,LOGOUT
7642,LOGIN
9564,DELETE
8225,READ
6302,LOGOUT
2599,CREATE
5515,READ
8563,DELETE
6612,DELETE
240,LOGOUT
3859,LOGIN
5766,CREATE
199,CREATE
3489,CREATE
6034,LOGIN
4070,READ
5581,CREATE
3111,CREATE
6118,LOGOUT
1473,DELETE
1049,DELETE
5686,READ
4429,UPDATE
1118,CREATE
8934,DELETE
1161,LOGOUT
4756,READ
7253,CREATE
1394,LOGOUT
1846,UPDATE
9238,DELETE
6942,DELETE
6571,LOGOUT
2441,DELETE
9678,DELETE
7384,LOGIN
6280,DELETE
4712,LOGIN
8806,CREATE
3304,LOGOUT
51,LOGIN
558,LOGOUT
3809,CREATE
3697,UPDATE
3305,UPDATE
2458,UPDATE
7347,READ
598,LOGIN
4064,CREATE
2713,UPDATE
2825,CREATE
7100,DELETE
6833,READ
9099,UPDATE
3254,UPDATE
1371,LOGOUT
6483,LOGOUT
7717,CREATE
7904,CREATE
7609,CREATE
9337,DELETE
2380,CREATE
2597,DELETE
3109,DELETE
465,CREATE
4777,DELETE
4620,LOGOUT
9945,CREATE
9537,CREATE
9681,UPDATE
9284,CREATE
7373,LOGOUT
262,READ
4784,CREATE
6477,CREATE
8120,LOGIN
2230,LOGIN
6008,LOGOUT
6590,LOGOUT
1390,LOGOUT
4999,LOGIN
1485,UPDATE
2067,LOGIN
3070,READ
9971,LOGOUT
7789,UPDATE
4472,LOGIN
7218,CREATE
5101,CREATE
3053,LOGOUT
230,DELETE
4142,CREATE
3535,DELETE
2462,CREATE
7884,UPDATE
4510,LOGIN
5180,READ
3166,DELETE
2991,DELETE
3522,DELETE
2912,LOGIN
5733,READ
4781,LOGIN
214,READ
8195,UPDATE
7966,UPDATE
6593,LOGIN
8507,CREATE
7143,DELETE
2939,LOGIN
4355,READ
880,LOGIN
538,READ
5756,LOGOUT
3320,LOGIN
3061,DELETE
6238,CREATE
6388,LOGOUT
4750,LOGIN
8092,UPDATE
2875,LOGIN
7416,READ
6486,LOGIN
5877,READ
5247,CREATE
1472,CREATE
5948,LOGIN
3873,READ
4335,LOGIN
8807,UPDATE
3330,UPDATE
9884,UPDATE
9417,READ
6346,UPDATE
837,DELETE
3090,DELETE
894,CREATE
6613,LOGIN
2951,CREATE
986,LOGIN
8330,DELETE
2634,DELETE
5580,LOGIN
6736,CREATE
516,DELETE
7831,CREATE
2346,UPDATE
7657,LOGIN
5849,READ
8609,LOGOUT
46,READ
7566,DELETE
4765,DELETE
6317,READ
7601,LOGOUT
5697,LOGOUT
1493,LOGIN
2122,CREATE
10000,DELETE
1603,READ
9504,LOGIN
6086,LOGOUT
1794,UPDATE
7500,CREATE
1704,LOGOUT
1412,CREATE
1339,READ
3047,READ
2680,LOGIN
8769,DELETE
37,DELETE
3908,DELETE
6357,UPDATE
9801,CREATE
1584,UPDATE
403,READ
8039,DELETE
3055,LOGOUT
9349,READ
2286,UPDATE
916,DELETE
5195,UPDATE
9022,READ
7158,UPDATE
1296,DELETE
7235,UPDATE
5323,LOGIN
6460,CREATE
6458,DELETE
8113,LOGIN
3604,CREATE
6219,DELETE
6761,DELETE
1325,DELETE
2340,LOGOUT
7017,DELETE
1347,DELETE
3993,LOGIN
507,UPDATE
1952,LOGOUT
7473,LOGIN
8546,LOGIN
5957,READ
4103,UPDATE
3400,DELETE
1155,LOGOUT
2145,LOGIN
3651,CREATE
86,DELETE
1592,READ
1930,CREATE
7194,LOGIN
8149,DELETE
6493,LOGIN
8547,UPDATE
4664,LOGIN
3722,LOGOUT
4024,LOGOUT
1188,LOGOUT
1289,LOGIN
8154,DELETE
1768,CREATE
821,UPDATE
5242,LOGOUT
5758,LOGIN
2032,LOGOUT
2290,LOGIN
6673,LOGOUT
3112,CREATE
7278,UPDATE
768,DELETE
2114,CREATE
7460,DELETE
5810,LOGOUT
4591,READ
9956,LOGIN
7272,CREATE
1140,LOGOUT
7535,CREATE
1900,CREATE
4459,READ
6651,LOGOUT
3211,DELETE
1212,CREATE
3855,LOGOUT
8806,LOGOUT
4211,CREATE
5358,LOGIN
8266,LOGIN
7771,LOGOUT
4738,LOGOUT
7741,UPDATE
4818,LOGOUT
4760,CREATE
1657,UPDATE
3150,CREATE
5380,LOGOUT
9480,CREATE
8314,CREATE
4474,LOGIN
5173,LOGOUT
9771,LOGOUT
9309,LOGIN
6635,CREATE
1349,DELETE
8793,UPDATE
1150,DELETE
2771,DELETE
6082,READ
1167,LOGIN
1727,LOGIN
982,LOGIN
7538,DELETE
2341,UPDATE
8453,READ
636,DELETE
1684,DELETE
1355,CREATE
4467,DELETE
5124,READ
2735,CREATE
460,DELETE
822,DELETE
2469,READ
594,READ
3908,LOGIN
2032,DELETE
1174,LOGIN
5935,LOGIN
6686,UPDATE
2472,LOGIN
5188,READ
2802,UPDATE
4233,READ
9262,DELETE
8236,CREATE
5390,LOGOUT
7095,LOGIN
4254,UPDATE
4604,LOGOUT
7400,UPDATE
2582,CREATE
6355,LOGIN
2437,DELETE
1563,LOGOUT
1970,UPDATE
247,READ
475,READ
9968,DELETE
4366,CREATE
2863,LOGIN
5333,LOGIN
1347,LOGIN
6690,UPDATE
8390,READ
3205,DELETE
4239,CREATE
3827,READ
1553,LOGIN
7082,READ
3819,LOGOUT
3165,LOGIN
9221,LOGOUT
5889,LOGOUT
8758,READ
6594,READ
3691,DELETE
9471,LOGOUT
3577,LOGIN
1378,UPDATE
5964,CREATE
5413,UPDATE
5303,READ
7691,UPDATE
1148,UPDATE
9526,DELETE
2726,LOGOUT
2482,UPDATE
4185,LOGOUT
5176,CREATE
8598,LOGOUT
7194,DELETE
9089,DELETE
7551,UPDATE
3228,UPDATE
3527,READ
6450,LOGIN
1187,LOGIN
5860,UPDATE
9434,CREATE
3663,CREATE
9538,UPDATE
4601,LOGIN
5232,UPDATE
2514,UPDATE
8848,DELETE
8985,LOGOUT
6429,CREATE
4431,LOGIN
6705,READ
1126,READ
5610,LOGIN
6894,UPDATE
9027,READ
7874,LOGIN
8198,READ
319,UPDATE
158,DELETE
5314,LOGOUT
1677,UPDATE
1209,READ
4633,CREATE
9958,DELETE
9070,UPDATE
5503,LOGIN
1697,READ
1633,LOGOUT
6131,LOGOUT
3521,LOGIN
163,READ
7505,LOGOUT
9132,LOGOUT
2503,LOGOUT
1795,LOGOUT
5457,READ
5938,CREATE
5391,UPDATE
367,READ
3480,LOGIN
6689,LOGOUT
6143,DELETE
1321,READ
9744,DELETE
1743,LOGOUT
4590,LOGOUT
4867,UPDATE
7358,READ
3180,DELETE
8153,UPDATE
8940,LOGIN
9621,CREATE
9788,CREATE
171,LOGOUT
1362,DELETE
6007,UPDATE
9325,DELETE
327,LOGOUT
2204,LOGOUT
2323,DELETE
1804,LOGIN
8347,LOGOUT
740,UPDATE
7680,UPDATE
1323,DELETE
664,LOGIN
7301,UPDATE
6798,LOGIN
1333,DELETE
3840,DELETE
7052,DELETE
912,CREATE
9506,LOGIN
6210,READ
6888,LOGOUT
2348,DELETE
8008,LOGOUT
7960,LOGIN
3085,LOGOUT
3195,DELETE
2233,READ
4554,LOGIN
5990,UPDATE
1736,UPDATE
1563,CREATE
7222,UPDATE
1313,DELETE
8599,DELETE
2583,UPDATE
4656,CREATE
7480,READ
2410,READ
6922,LOGIN
2869,UPDATE
4623,LOGOUT
5611,UPDATE
7734,LOGOUT
401,CREATE
6967,LOGOUT
4984,LOGOUT
6346,LOGOUT
529,READ
5813,READ
8497,CREATE
1308,UPDATE
4877,DELETE
8837,UPDATE
8308,LOGIN
9204,UPDATE
671,DELETE
1535,LOGOUT
5338,READ
3701,CREATE
7266,LOGOUT
5534,CREATE
8776,DELETE
3173,UPDATE
260,LOGOUT
7082,READ
3126,CREATE
9459,READ
4722,CREATE
4161,LOGOUT
2161,READ
4244,LOGOUT
9555,LOGIN
9845,DELETE
3208,UPDATE
8893,CREATE
4104,UPDATE
5592,LOGOUT
7112,DELETE
4820,UPDATE
7643,CREATE
4573,LOGIN
9546,UPDATE
2297,CREATE
1457,LOGIN
2305,LOGIN
9858,LOGIN
7218,DELETE
3336,READ
346,DELETE
1023,UPDATE
9829,LOGIN
9126,LOGOUT
2391,READ
5154,CREATE
3922,LOGIN
3310,CREATE
4408,DELETE
