app_id,amount
1650,922.75
3318,551.16
5209,374.29
5317,526.04
8643,278.41
8849,921.54
948,783.49
1998,597.87
4735,852.29
2313,587.49
1503,39.4
1033,681.47
5972,198.99
7410,936.93
7879,288.87
6761,266.46
5773,310.72
9123,670.03
1662,572.88
8009,15.88
6003,301.51
7085,474.21
1510,639.39
9072,58.27
4441,186.55
1063,440.01
1146,610.76
8812,862.9
9952,673.17
8358,812.47
146,467.46
8469,784.58
2795,122.72
7268,154.09
9739,768.13
6914,297.47
7662,97.9
7297,462.66
923,659.91
1126,23.52
5666,900.66
4172,844.06
6438,948.08
5581,98.47
3736,405.98
4516,821.34
5180,306.45
3128,407.9
5838,816.28
2005,159.79
6748,938.81
5709,972.09
1958,775.93
1090,603.9
1138,691.34
8716,270.74
4103,423.59
8847,840.15
8728,414.0
3475,536.01
5218,14.81
294,38.01
4154,518.22
9098,249.12
8539,851.81
8636,266.69
8187,443.24
709,572.5
1766,261.15
8671,108.41
9068,977.02
4985,272.09
7171,722.59
9131,549.78
6312,367.78
575,980.62
9136,706.58
6626,686.78
4362,651.56
390,882.18
1483,326.27
4583,139.68
7058,122.57
5871,463.58
7830,216.48
1189,715.55
3848,296.32
1711,860.43
271,804.58
6681,270.4
3903,437.64
5572,743.02
4910,635.78
1789,328.94
5971,549.68
6053,892.32
9725,82.74
5093,357.11
2240,538.24
1828,773.06
9813,153.43
6299,737.42
4089,418.32
8237,656.09
3455,375.91
280,253.23
587,270.37
7940,952.74
9176,825.43
4780,109.92
8041,977.91
2205,215.96
6770,798.48
365,125.18
1272,686.09
5089,15.74
1684,789.68
2539,967.99
3698,512.22
4476,703.42
2625,794.15
3647,641.2
3731,131.93
2876,48.78
8367,300.21
3438,846.23
1261,781.48
5534,530.09
9471,412.4
3831,101.91
7767,421.9
8322,298.23
4884,982.17
1528,85.33
4207,39.96
1861,993.63
7924,563.96
9894,157.99
3088,888.51
3449,709.37
6247,69.28
9284,892.94
3770,209.92
5614,555.07
7177,380.93
661,203.92
2530,603.98
2378,665.93
8371,325.68
930,761.91
9839,232.49
426,28.82
7998,658.39
3265,297.87
625,836.41
4065,764.48
1109,503.45
7489,60.5
7422,846.31
3350,791.01
7283,127.26
9998,832.07
711,586.9
827,536.66
2772,134.71
2095,604.93
2596,858.25
1572,295.02
8743,217.91
3767,953.33
1179,504.73
5414,749.51
632,827.07
3261,868.5
5517,876.4
4142,818.77
8746,660.71
5402,676.57
220,372.5
4616,454.39
5514,442.55
8813,249.39
8713,626.88
7027,651.04
1947,579.27
3143,522.79
4692,375.17
1259,178.19
1084,824.01
1025,122.35
388,419.71
1572,802.81
6471,329.22
6526,255.04
4897,505.49
7713,437.38
7594,594.57
6705,935.53
3885,763.22
7493,647.78
1183,431.9
7886,663.46
1512,614.7
3490,864.69
1671,256.99
6446,396.38
8026,400.21
1862,416.63
7879,323.72
5239,245.92
4897,421.37
1910,666.96
246,871.28
574,408.29
8128,865.83
9695,377.25
8171,367.8
9896,882.32
7654,559.02
709,67.59
4081,57.5
4704,660.19
2004,855.92
4195,478.19
5769,192.42
4997,143.49
9116,543.87
4368,139.87
8923,499.51
3404,633.87
585,198.5
7872,965.95
1633,992.51
1899,145.93
8823,968.34
9707,747.07
1322,399.13
5221,44.25
9632,497.64
5050,77.38
7153,911.31
7436,757.34
7570,850.86
6263,985.92
8739,979.45
3050,347.07
8093,754.24
5037,643.76
3393,276.38
240,528.33
3116,711.62
4787,258.52
7336,767.14
2759,453.24
8533,734.51
7975,277.21
4528,728.8
2951,549.56
3167,957.44
8019,537.0
1422,687.0
1092,38.75
617,652.72
6368,382.06
8031,429.41
459,558.29
2948,849.77
4200,943.59
641,218.39
7635,257.49
7324,612.77
7203,852.5
7137,400.2
8681,610.02
894,35.33
7658,265.86
7477,209.89
7189,399.46
2824,117.51
7262,308.58
4512,130.41
7788,624.92
7641,123.67
8895,606.38
957,833.19
7903,600.55
5294,953.59
5832,194.74
7467,818.52
8933,445.22
2361,235.0
6709,816.36
1254,504.51
3068,683.84
8997,979.61
7329,661.47
5079,55.36
7764,863.62
7287,802.45
5852,551.29
1768,528.4
6385,976.78
3016,914.2
6001,292.3
6693,772.22
4824,325.41
2471,25.56
9243,944.21
3259,258.32
7745,449.16
8588,70.57
9908,556.42
8287,908.25
6556,827.18
9572,660.72
220,301.12
6540,887.53
972,662.97
3814,592.62
536,121.18
4539,952.75
1308,574.65
9156,914.96
7256,258.68
4579,877.03
8492,284.7
6686,833.87
2772,396.76
3856,645.2
7693,513.74
2090,753.72
2756,909.6
5234,14.0
6795,598.79
5829,47.22
7507,996.44
9048,477.74
6167,986.2
1533,160.2
6055,225.87
7572,843.26
3926,381.23
4193,39.13
7188,625.93
778,478.46
8834,776.64
7224,264.45
2627,413.06
2035,661.79
659,424.12
8526,67.81
2529,986.67
4917,30.61
1815,723.35
3535,733.56
7052,252.28
5295,306.58
5365,722.79
2685,889.81
3226,353.94
4314,498.45
3611,333.1
977,347.93
4522,449.95
8253,339.51
5932,654.08
3252,736.54
5953,471.17
1479,241.8
4496,245.95
8166,485.38
8355,703.31
4712,471.37
1456,770.39
3457,442.17
9843,381.48
8643,668.64
679,280.62
8093,891.63
8159,427.2
6761,750.98
6865,311.86
4307,980.02
5177,205.51
2183,624.78
8606,968.11
5840,65.76
7711,759.4
3835,282.52
7132,734.49
6496,77.67
4425,975.73
5922,993.05
1199,669.04
4303,929.14
8400,201.93
6703,734.68
3470,893.56
8555,118.67
5804,599.05
5680,658.77
8005,644.73
5191,158.98
5983,568.14
9073,406.7
1249,575.66
8550,427.83
5406,732.42
8848,38.55
9156,214.98
3290,752.13
1736,115.16
9923,394.05
6878,195.22
856,353.33
9867,945.34
2152,538.78
1407,234.97
9699,283.48
9560,86.03
2601,172.26
365,329.76
4495,41.53
6304,85.09
244,874.41
6295,402.86
4758,31.61
7639,883.67
8350,728.18
5811,375.24
2381,749.16
9926,223.27
7062,955.83
5061,480.0
2635,948.6
3889,967.26
3263,708.5
8655,938.22
2381,714.38
9076,457.26
7185,813.96
9269,269.21
5271,513.17
6921,411.13
8455,30.43
3745,356.11
1772,802.82
7610,722.41
6628,296.5
9163,689.61
9210,521.53
8776,520.29
3025,651.43
4666,307.41
4226,919.98
4025,593.07
8126,720.12
1838,322.72
7741,362.57
8784,618.54
9181,663.85
2083,855.31
5916,961.25
3934,817.44
4809,15.32
9734,104.69
1376,524.76
3228,801.79
4634,651.48
2771,584.49
8506,684.89
7895,925.3
2012,106.08
5130,266.07
7089,915.22
6962,592.35
9658,975.39
280,184.96
9358,52.25
3176,87.15
8979,958.58
1726,847.3
4945,50.87
4804,50.82
3052,82.52
3602,970.27
7747,336.54
2662,618.67
5503,712.57
1554,325.15
2249,644.32
8668,827.67
3935,311.32
1619,278.17
643,511.87
9386,819.36
5310,641.58
1044,579.2
2074,528.89
9566,736.55
9270,184.92
9861,760.79
7006,805.5
3915,812.52
8858,282.37
7212,71.21
6704,956.32
188,776.5
386,301.21
2163,808.88
9713,709.31
4041,817.32
1283,184.66
2133,126.13
4331,564.36
7299,841.26
7384,48.68
5063,258.83
1736,356.81
4972,743.06
5702,191.99
41,729.82
9917,61.99
6662,965.37
2135,447.27
2162,352.42
5015,776.04
15,188.34
6378,367.73
8750,377.43
6925,462.84
8058,597.13
5273,487.57
3622,592.48
7286,813.9
4104,653.21
6427,323.84
2923,527.79
7736,347.93
1394,555.59
5288,323.11
2856,221.05
1374,66.14
2759,412.72
8337,26.01
5040,914.58
4211,242.76
6245,477.37
1458,803.38
226,324.87
3536,11.62
4060,630.43
3187,424.37
7815,142.92
3456,777.82
3539,877.75
7691,400.87
6245,885.93
2523,285.25
469,11.45
2131,274.7
933,180.8
6828,530.87
9446,60.48
8514,694.46
1594,636.33
5780,95.35
9622,757.88
7439,610.22
2763,243.66
4491,932.9
7522,856.97
9555,46.24
8726,140.77
7810,578.63
3264,512.36
3711,553.76
6328,19.56
7423,832.84
9025,883.17
2322,91.96
9881,244.49
1431,866.62
7144,364.89
6553,678.98
5981,744.13
5286,782.29
9725,490.64
6789,851.42
7765,375.96
6681,776.81
3890,252.43
5478,949.28
4045,862.53
4021,420.69
225,975.94
8147,329.72
7782,644.06
7203,738.45
7187,379.48
4920,723.54
2979,590.41
5533,302.84
8675,283.73
8458,420.94
2286,727.57
3303,408.93
3395,299.3
6796,701.8
2081,364.17
7357,446.12
9478,485.62
4638,915.9
2228,89.51
7526,973.3
1064,674.52
3105,753.43
514,183.16
3946,977.73
9709,200.83
2761,36.3
3858,874.8
3835,838.87
9512,739.91
3627,723.29
687,35.55
8024,850.77
6698,869.3
5093,570.99
8790,408.41
4907,406.61
5491,498.07
5296,585.29
8399,835.72
6556,507.55
3838,224.79
765,772.92
2290,95.69
7539,422.0
9264,634.86
3823,369.64
4240,170.38
2802,108.26
6981,814.46
1483,216.93
577,713.51
1943,153.5
7721,992.3
2619,716.02
892,744.91
9653,464.54
960,218.96
1280,240.44
4974,19.57
3280,218.52
2054,266.27
8242,821.21
7615,341.95
466,147.81
7013,178.87
7920,665.78
1814,111.95
8131,577.14
1539,604.19
4873,196.23
3768,507.2
2463,351.32
9780,792.52
3075,534.0
3201,181.11
4697,642.63
5434,279.48
443,582.82
9595,128.18
2016,485.72
4351,146.52
2204,204.74
5803,524.54
7085,418.86
6312,273.82
1855,603.42
4943,419.95
9565,539.91
1652,930.24
93,676.17
3071,250.63
7165,822.82
6453,649.3
9772,553.16
9017,280.02
9001,837.35
8688,280.41
5250,453.29
967,82.93
5302,463.54
4683,384.06
1173,197.16
9966,78.36
1194,364.19
9830,245.92
509,384.6
1314,408.61
805,241.89
6219,544.7
9005,740.27
8969,956.92
6430,931.65
3416,369.08
6725,615.47
2905,549.72
1693,41.59
9661,677.31
2266,508.47
3761,298.02
5041,787.97
3931,516.78
528,739.47
6324,611.6
639,957.62
6025,608.86
5945,529.95
2176,726.99
4090,397.91
3522,328.74
8833,926.4
2127,986.17
6530,184.97
6800,670.62
5620,446.06
7697,760.26
1442,919.64
6235,848.2
8898,784.85
1927,93.03
4119,986.56
7369,324.6
9122,285.64
1618,164.41
901,864.52
308,782.97
8586,122.43
5675,460.83
7961,314.95
6280,836.96
3897,516.9
971,403.61
493,908.84
3778,206.35
6496,847.38
2949,231.27
9791,831.35
6363,408.38
2657,679.27
1582,545.74
1068,443.24
5535,207.37
7259,632.18
1511,845.94
491,504.93
8658,211.42
3118,446.44
375,502.18
4834,75.89
309,276.74
729,122.77
82,680.76
4924,824.31
7889,127.52
141,623.5
4989,386.35
7207,475.05
9115,131.21
1324,202.3
6626,469.77
1498,277.83
8949,573.07
7235,285.01
5456,459.69
1813,557.93
955,768.85
8824,141.41
1459,966.71
6099,600.7
2278,645.09
6574,539.14
3831,592.5
7121,900.27
5764,954.56
1188,271.15
9334,212.74
8448,108.1
8762,770.1
8437,537.62
9784,208.62
6835,418.97
4251,489.55
9216,264.53
1768,591.44
2641,693.8
6554,516.5
3606,272.16
3562,197.8
7250,487.11
1415,991.12
5013,577.96
3261,837.22
6374,543.37
6158,710.57
8291,814.41
5042,785.13
884,931.7
4803,516.23
4643,707.78
8304,476.01
922,900.27
4927,520.4
7072,381.41
1612,802.57
403,840.11
8120,426.61
8480,576.42
631,40.18
4093,723.79
3850,949.25
4339,301.42
8905,729.18
243,218.85
3460,197.5
3604,294.35
1799,791.55
3947,595.9
6854,155.91
5696,990.36
7814,621.2
8956,17.92
1292,419.18
4106,89.4
2163,979.59
4363,360.77
8171,438.59
1900,223.86
7403,662.25
1819,256.46
1846,912.16
2983,733.34
2153,189.42
4837,236.1
5852,384.96
3592,809.47
6756,361.6
834,841.77
8073,804.36
9163,963.27
2795,599.8
185,678.88
4421,276.29
8450,232.62
3107,260.83
433,441.82
302,361.27
2883,458.77
3235,333.25
1,374.44
4186,70.49
6531,220.96
2796,876.91
7754,477.96
2954,433.18
5385,738.43
2510,731.05
1369,415.41
8682,218.41
4026,788.34
2352,371.19
7640,840.81
8815,469.46
7175,884.99
4503,569.81
7442,702.96
556,246.67
9645,185.5
2772,121.25
4759,752.36
4822,51.06
4528,785.11
4001,694.33
3206,259.71
6994,656.65
7525,761.32
849,865.89
9727,676.2
9097,789.18
1303,975.87
6332,248.85
1908,504.23
7374,239.37
2332,669.99
1918,30.79
9538,966.47
4429,126.08
3189,729.82
3527,366.47
8915,341.44
4879,788.79
2226,479.25
2124,438.23
5258,534.57
6652,770.55
1486,871.66
5949,441.35
2675,99.93
2349,444.44
9749,37.2
9529,544.49
7793,646.92
8227,548.23
7112,442.4
6786,156.31
6487,567.45
6095,316.28
6347,337.39
3849,601.6
1646,192.89
4296,710.3
9139,179.36
5654,168.52
9730,488.88
1832,98.9
4008,897.77
4943,389.42
4529,256.06
2276,96.51
8424,233.61
3960,21.77
9713,836.74
9612,932.64
2547,902.27
8348,635.12
9872,346.91
2805,150.6
153,673.03
3071,64.99
6187,166.02
2106,237.42
5771,657.56
9115,310.18
5151,64.64
7619,291.51
6779,671.58
7849,382.32
929,767.4
8349,887.34
7047,558.75
6737,515.59
2610,45.63
8178,697.69
6386,104.96
4557,834.63
1744,99.9
3479,192.16
2669,12.12
7282,658.06
2946,42.06
3046,478.67
7637,289.34
4217,286.07
2321,614.49
2756,386.57
8260,916.23
2148,538.46
3691,803.9
6362,358.97
5074,215.65
447,716.1
4840,764.28
42,228.69
2053,361.91
7401,824.14
7358,112.46
2325,95.5
3801,195.58
5268,348.48
6554,736.94
6084,650.62
3175,25.27
191,15.5
4841,540.15
104,919.71
1178,848.54
2989,548.79
1859,263.22
5809,767.59
983,929.12
3349,449.84
6786,931.16
7351,842.35
7965,337.27
578,306.97
8474,161.78
79,362.53
4916,32.34
1001,134.86
2354,547.47
5891,654.01
9837,444.35
5574,717.94
7336,661.52
1290,266.1
804,990.83
3664,869.08
6147,938.97
2030,665.71
4250,16.89
9719,701.09
795,455.51
2734,325.86
7090,415.85
1489,942.29
6993,51.72
6044,715.95
5876,261.4
1161,518.04
2616,955.09
484,471.44
5368,295.32
5322,316.59
1137,505.1
7584,581.15
5631,334.13
3034,875.38
5860,620.46
1327,138.22
1455,27.82
8854,45.44
1060,873.47
3260,685.32
4968,918.59
4235,960.35
3279,656.13
7705,820.14
1231,535.69
8637,217.07
9600,610.78
6878,774.7
8672,86.35
6602,550.95
8967,885.91
6580,779.95
7183,548.63
2336,372.79
9193,543.1
7164,698.45
228,483.18
6703,294.51
1560,48.65
3241,868.61
9849,116.06
3267,938.81
9214,565.74
7303,196.14
138,614.38
2315,964.94
3902,368.85
3365,276.15
7076,550.91
6803,417.72
4591,826.79
5364,789.86
8932,913.63
3921,866.72
4779,745.98
8381,564.75
2174,773.43
8941,787.82
4692,161.32
3282,835.88
3001,898.02
9106,392.19
1431,422.38
814,200.79
8557,154.08
3287,556.43
7444,850.31
3229,822.47
1047,946.74
1481,764.45
5939,552.21
281,562.57
6973,868.3
2155,617.01
9326,697.71
8774,390.17
5094,777.64
8640,997.03
9240,655.78
715,826.33
6223,188.82
8675,390.58
6620,343.93
4598,369.52
3544,254.64
5721,225.46
768,454.42
3799,208.8
749,205.78
7144,512.43
2159,181.63
1221,687.38
9728,987.95
9632,152.3
7631,809.15
2764,258.64
7482,508.48
5486,529.31
5581,733.22
4742,790.28
747,940.21
9725,477.35
4277,114.37
2758,531.51
2126,514.32
5273,845.92
8990,385.91
6127,360.16
5483,416.23
1138,98.23
7872,758.12
5277,861.8
5613,150.91
1932,72.37
6912,997.41
5589,978.34
5709,152.32
9430,576.23
8311,308.95
1999,374.93
5828,282.16
8432,889.78
6632,225.5
2862,844.37
6359,505.2
2981,826.64
6127,265.54
6898,391.5
1348,18.2
5725,457.77
1672,54.44
2364,389.81
80,467.07
975,213.4
5114,345.47
1660,249.19
9820,796.28
2981,73.79
1091,113.86
2443,243.81
4836,346.21
972,469.6
1966,25.85
1770,568.3
2194,87.62
9607,14.4
4030,76.56
7599,111.24
9590,851.86
4456,327.13
3511,889.82
1640,73.92
9359,451.48
1190,500.2
802,119.65
9930,180.58
5489,499.89
4166,431.55
2808,321.42
6173,609.58
6540,28.92
1394,589.14
145,776.98
7026,293.11
666,821.03
5619,459.21
6992,340.9
5462,923.17
6923,920.69
6756,59.45
1799,143.44
136,796.75
264,642.75
194,301.35
4034,121.55
9800,183.9
383,109.45
2771,256.86
6930,792.62
1986,438.08
9770,443.24
5980,819.83
953,713.9
9404,404.35
7233,138.74
3037,743.24
5497,455.6
3701,779.3
1902,302.04
9100,68.75
7052,980.32
6993,348.51
9261,882.69
7191,249.53
336,722.43
1622,447.46
344,744.0
1120,21.25
880,262.16
5964,835.19
4355,88.31
2770,259.66
1637,975.76
5876,488.15
3967,758.14
256,267.84
6947,577.61
3711,45.97
9693,357.93
4911,538.17
2816,418.17
1763,736.7
7666,83.52
6254,958.32
8760,15.96
2295,81.07
6004,37.67
9227,726.19
7512,259.17
1650,585.72
9667,97.79
4166,338.52
9526,174.96
2997,490.83
2701,541.42
9581,349.78
8060,502.82
5256,304.33
6557,288.61
8428,946.4
1568,478.47
4900,165.85
5444,254.45
3647,180.35
6490,882.73
4446,233.6
4961,548.65
6893,826.12
2819,758.6
1484,321.42
9086,913.5
5682,855.69
9277,131.97
5106,206.91
8339,370.47
8787,139.78
408,235.32
9168,185.45
6633,294.89
2621,868.04
9654,662.59
7262,216.61
7339,979.9
8826,498.61
3396,794.28
5480,82.61
255,962.08
5926,595.01
2944,802.96
9795,876.73
6436,336.97
9064,450.82
2646,881.28
4383,959.78
4532,17.31
3468,915.69
8868,744.94
9410,38.9
8071,929.75
3072,306.0
2669,266.0
1259,844.31
5699,292.08
2194,991.52
946,313.85
6481,421.43
1329,944.55
1986,961.18
6516,869.67
2780,675.59
723,297.13
2006,115.76
9649,832.31
4487,877.3
8767,39.05
7119,340.4
1164,298.12
8252,219.94
8529,251.86
3876,943.76
4823,276.14
2867,250.15
3751,960.52
7651,221.8
2868,215.72
1253,539.01
8390,266.13
4915,466.35
3577,863.36
3071,688.71
7299,633.11
8263,112.96
4325,472.23
9075,662.53
657,898.5
8953,80.13
6748,579.16
7188,949.79
4978,55.5
5855,341.0
8379,904.54
6245,523.14
5297,668.95
4856,911.5
9955,31.23
9103,858.24
8753,369.35
1970,91.06
3130,123.43
7296,711.89
4621,639.51
1117,519.43
1905,913.83
742,578.78
4150,200.97
5030,398.69
6353,528.84
5233,220.28
4965,796.17
1957,651.16
3891,848.91
5717,787.46
9228,422.13
8056,856.73
3364,107.41
8836,255.7
7825,654.83
5082,672.09
7893,29.25
3877,580.0
8960,175.56
7863,118.17
8221,505.71
7492,94.72
6997,545.25
6277,608.94
8651,491.34
663,304.69
4607,745.85
2032,30.75
2234,304.54
9118,517.91
7967,538.08
9575,502.36
745,94.56
2055,128.17
1219,887.77
7710,479.78
4404,198.35
2482,448.57
7090,222.12
277,890.82
8439,516.85
441,762.54
7328,313.81
2258,787.58
4166,994.98
7623,464.18
5691,643.16
5893,739.26
8364,316.89
1377,55.39
4498,766.73
7265,105.55
5625,514.43
7719,918.17
1909,447.54
5570,351.71
3762,333.36
1970,311.31
3068,742.15
5682,29.38
7224,924.59
5794,893.28
9752,713.36
7836,684.87
3858,723.14
2691,337.17
8113,625.66
8262,340.33
4574,349.27
6571,431.53
5875,98.3
8754,124.72
758,609.6
4994,958.91
5414,33.64
6988,622.27
6823,401.96
3668,709.05
5249,680.9
5095,825.6
2974,598.45
5266,837.58
8918,841.28
4526,93.08
2431,547.93
2150,648.68
6751,782.3
1911,755.42
2770,605.32
2637,129.0
9405,862.02
9683,539.48
8879,891.67
8730,846.61
1848,875.72
1566,848.92
9607,216.0
8400,548.12
7623,94.03
5232,494.14
8074,427.1
6192,603.38
5863,712.98
5904,918.93
2935,874.85
5024,664.99
6638,758.32
4899,743.43
7791,394.68
9594,576.4
9592,202.07
6166,438.01
9229,802.2
1073,556.53
5552,599.96
7691,668.81
5468,652.84
6632,883.76
7047,828.24
9893,594.8
5060,830.12
806,460.74
4702,102.64
8871,109.36
613,803.55
2913,573.21
8632,93.17
1419,241.83
4986,491.59
4758,297.47
8610,698.88
6814,775.17
4844,224.91
7371,344.36
3804,813.23
7900,184.83
3949,207.81
4871,745.17
1915,593.89
8376,826.31
1681,206.31
4909,178.56
7324,619.01
4577,92.56
3364,163.96
5262,252.37
908,834.11
9448,113.01
5322,58.87
9886,807.45
3256,486.6
8540,634.79
6956,11.18
7687,740.34
3049,225.37
9585,681.54
4675,882.64
1481,926.53
8728,77.15
1040,189.96
7264,336.1
3982,582.7
586,675.32
3907,238.76
3393,985.09
5282,20.91
6686,641.68
3737,174.61
7860,242.33
1032,848.34
6420,793.76
7735,689.78
1930,992.35
1134,507.94
2682,315.48
5538,213.06
2942,289.97
8643,520.33
965,955.25
149,447.39
4729,619.36
4467,982.7
7482,245.06
1853,47.74
6761,269.87
7924,521.75
321,646.47
1483,365.39
1735,819.9
9741,58.85
8068,331.94
5038,581.93
6903,202.59
4328,827.19
5935,920.22
6555,267.18
6661,986.46
1529,848.04
9058,792.49
2399,558.87
9488,587.01
3513,348.22
7918,185.94
7733,86.34
5831,943.55
366,830.57
2770,410.52
8066,183.96
8162,167.5
1596,900.47
6478,767.18
1459,895.97
1503,923.57
1858,748.71
9359,500.19
1768,683.56
7315,997.06
8445,315.25
6678,630.25
2290,877.15
8117,271.85
7492,872.4
3413,58.27
8601,587.69
6672,660.82
2582,338.14
8257,492.49
5072,558.48
6115,872.49
4132,583.3
7961,894.21
9574,961.37
1539,402.28
3206,725.98
6626,27.32
410,487.56
5720,214.61
2935,513.94
8116,779.78
1516,94.89
9773,577.37
3703,339.27
594,650.27
9315,475.32
3580,838.07
9629,760.55
2944,656.04
121,624.53
3937,958.25
6860,91.89
1381,383.59
2063,969.1
3701,86.94
1924,714.51
3736,818.45
2525,569.76
6615,952.49
5537,843.55
9841,863.95
2058,502.75
1774,568.62
954,997.53
7686,664.5
5549,36.51
4286,633.36
6268,704.34
9067,556.33
6842,290.4
8723,487.05
7997,708.87
7608,168.22
9453,768.21
7403,786.45
9408,944.16
1589,368.72
3061,525.9
6171,616.6
3847,246.43
4026,584.46
7176,23.92
5115,474.88
6918,99.48
1686,732.25
5570,798.54
7741,222.76
1308,423.71
16,933.53
8159,236.18
9458,64.7
6577,280.24
472,751.67
5437,218.37
4817,818.75
9650,300.32
9847,731.47
6234,136.09
7462,941.94
6381,134.79
9600,392.31
5844,75.73
4506,131.73
6287,978.74
7309,499.62
3579,448.39
7246,121.49
8588,483.42
5295,856.06
8259,666.75
1179,775.98
7956,503.0
6508,739.48
9424,853.48
884,78.34
1494,334.2
633,460.93
2663,806.24
1624,804.58
5789,807.69
6252,501.22
7611,870.08
477,404.46
875,589.94
8153,337.58
7143,284.37
6247,686.91
3126,454.41
1905,651.51
8175,213.91
278,395.58
4122,719.89
307,825.02
4833,580.52
6475,979.46
1145,543.32
3591,50.81
6582,826.04
3450,314.18
4206,743.76
1872,471.31
8495,369.89
3663,997.16
6452,86.7
169,399.22
5834,434.74
395,254.56
4185,921.76
8476,865.11
1316,266.73
5641,602.78
7477,287.2
9057,750.09
4491,697.39
2827,156.03
3297,239.99
1006,110.8
9876,123.04
2031,307.27
7229,66.06
8463,349.9
8684,561.57
608,161.71
608,267.13
9300,370.6
9220,431.66
1741,617.88
2298,294.49
748,819.82
8883,881.23
1706,369.79
1887,314.35
4973,594.25
9243,193.45
1143,300.65
5261,916.03
4563,167.43
3173,144.32
6959,939.86
2732,809.52
9623,98.58
8787,906.3
9818,521.86
185,943.18
8961,456.1
8255,833.29
6240,791.84
9230,175.81
3437,347.8
9670,959.05
3554,792.49
7435,657.56
8027,326.67
8787,932.02
7842,673.47
9260,674.82
5491,259.04
1314,783.6
5092,792.06
2126,823.65
4356,307.31
1085,622.78
178,399.64
5258,652.26
4355,816.37
7894,907.37
2425,384.17
3388,642.71
4333,366.97
2675,794.92
3260,870.94
9566,254.84
9374,115.69
598,532.95
3232,972.53
2567,203.07
4767,79.22
5437,34.96
6885,948.28
6761,955.59
3999,246.03
5535,514.87
5145,907.5
5778,839.12
8237,331.23
8805,802.11
2295,368.67
4456,391.75
101,339.6
6768,501.61
3873,385.09
8862,707.73
7087,213.31
7193,100.88
9348,436.15
7388,415.17
5950,505.03
2023,744.26
4951,334.62
7895,658.31
3415,397.91
3626,730.1
6583,419.57
358,269.27
9833,989.17
8699,398.16
5883,360.49
8663,38.54
1575,36.96
6226,912.89
6893,566.81
5745,516.3
7950,633.81
5921,35.29
5858,314.01
2892,383.1
1189,859.48
5260,839.36
2182,112.47
5002,759.12
2228,328.4
7980,948.63
2098,201.41
2084,125.04
7436,449.22
8064,670.4
5510,198.54
5815,133.77
3265,100.76
4527,194.54
4892,71.43
8206,182.19
3873,953.67
1987,879.33
7621,391.54
824,738.59
2170,998.09
676,776.55
1723,346.19
9042,445.24
5258,206.58
5048,818.28
6587,789.0
2744,462.54
5800,513.51
9187,41.92
7323,202.15
7215,224.75
2829,953.38
284,589.6
864,874.19
6582,607.52
2837,953.48
5147,794.22
6593,107.06
9350,63.69
1108,749.44
1105,460.0
6189,636.17
3610,410.78
1531,223.07
9736,748.75
7797,593.9
4186,774.41
3600,969.63
6998,524.21
8540,908.69
3496,587.71
4165,214.01
4344,457.28
9159,275.19
5800,494.26
9837,435.68
8708,498.82
4413,357.29
5701,878.36
887,526.08
8862,191.21
8757,667.62
9240,665.2
4968,359.18
3895,877.17
2950,217.73
9308,977.43
1153,996.69
5762,40.2
9123,997.8
5928,250.06
5863,71.82
2928,305.1
2601,709.03
6791,406.41
5910,314.63
4117,823.62
1764,749.13
2554,456.63
8900,252.01
6330,796.59
762,552.9
1895,803.68
4410,161.17
5671,424.02
9029,432.29
114,597.46
9886,52.56
7520,190.4
898,153.04
2290,754.88
8609,965.51
6972,208.6
367,948.44
9314,23.86
8693,329.66
7495,796.94
6984,938.09
2540,722.32
4143,956.42
9970,437.55
9710,91.42
6816,492.34
8301,390.06
8529,856.8
2049,256.23
5316,976.83
6045,721.58
5059,953.94
82,548.09
4782,115.11
3044,587.49
990,555.88
7647,110.74
2229,223.63
6019,525.49
5052,665.58
6148,786.17
9072,798.67
3045,172.97
9827,226.32
6859,510.99
1099,809.99
7107,927.06
9784,187.7
351,410.72
3356,328.36
6912,376.43
8748,852.73
1879,977.96
3226,115.77
7505,163.4
4479,501.72
8053,693.51
4097,511.85
7768,227.14
5783,908.46
6161,311.76
2964,681.88
8091,436.87
6847,47.48
3458,326.61
3296,850.35
5101,842.38
9435,76.06
4600,492.03
4802,537.96
7863,945.56
7168,771.73
9210,227.24
7907,710.39
4981,62.05
7516,502.86
4867,70.65
8305,566.39
5375,125.11
5211,153.69
9125,397.22
9402,678.76
5556,236.97
9509,522.43
4600,600.01
3924,400.32
8968,456.58
2768,575.7
3342,377.85
4571,226.45
7173,772.2
4343,799.83
6911,930.69
3132,843.59
3446,861.56
2391,989.69
8667,753.4
9810,408.36
8696,367.68
9421,348.8
3903,25.64
1598,387.7
8569,206.45
7702,184.82
308,960.88
4390,995.29
8127,876.55
5962,480.8
490,187.12
7591,387.28
1160,115.12
3418,410.59
5669,423.68
3602,152.58
3821,945.96
1940,763.93
296,506.48
5611,113.97
3259,279.47
6598,996.69
2717,40.64
7671,635.7
9802,244.02
9673,481.81
249,577.98
6028,915.41
4715,923.95
9315,375.67
3387,476.65
3208,372.16
786,161.87
7054,36.37
6929,370.3
9951,258.3
5334,269.49
4320,152.38
4497,200.31
3376,912.69
4583,636.05
2405,748.2
182,333.55
6351,469.57
349,308.82
6123,182.81
9515,341.97
5747,191.23
7317,190.06
5698,178.96
1366,776.04
2874,763.25
5483,134.55
283,96.52
7046,401.31
4809,463.69
1833,35.83
1224,892.53
4745,724.28
7599,338.03
5312,633.77
2948,675.55
6968,261.64
9558,350.6
1035,858.01
9917,759.8
2742,71.83
8132,32.41
9072,466.97
2851,639.16
7874,98.08
5318,283.61
2988,12.75
9380,622.49
9785,939.94
7090,35.15
298,155.38
4756,564.57
8142,999.36
3856,30.43
8599,162.99
3223,887.27
9426,329.25
3696,579.12
2742,856.89
9579,72.04
4690,856.26
5335,890.1
3091,586.06
3033,723.03
6294,301.81
7230,211.68
663,957.33
2647,38.65
426,52.34
3977,339.42
5386,301.22
330,114.14
4277,939.67
3025,540.92
1816,453.14
1506,933.35
2135,838.91
469,85.47
1291,358.49
5164,412.1
6934,579.31
873,929.08
7762,752.41
9213,832.25
732,868.42
2269,65.87
2568,47.78
2289,398.74
898,697.66
1186,152.51
7984,483.61
3981,894.74
299,558.74
884,795.92
9869,292.29
2222,980.59
4384,44.64
8544,683.8
1053,194.92
4058,120.48
3298,179.18
6038,10.67
9909,501.61
590,205.91
2124,603.9
2381,139.68
2032,10.99
6428,969.46
5177,920.63
7295,786.34
4836,585.2
1015,348.82
1611,155.39
9002,560.56
6791,157.34
8801,227.94
9944,78.51
2965,714.26
1191,918.21
7664,659.76
6387,865.52
6828,970.26
1133,924.35
9213,26.67
8444,710.06
6770,295.72
6074,212.23
8653,218.76
9825,534.65
2939,29.48
146,302.92
4704,670.47
5574,205.73
2392,881.67
8369,548.75
5453,957.47
4693,652.31
3672,187.29
2082,528.99
975,388.35
5609,546.12
395,454.65
1902,829.18
3595,529.92
7104,463.23
630,360.38
470,590.21
5818,505.87
1341,312.34
9405,984.42
2588,847.35
1019,53.33
917,809.4
2284,222.15
231,128.5
2126,306.47
7315,963.5
2462,313.95
8466,793.76
6334,274.43
9925,845.65
8666,280.88
8146,65.99
3020,264.59
6453,140.79
5489,921.58
5976,966.36
9501,116.19
609,796.63
3824,720.99
4867,859.99
1168,557.05
4648,260.98
9402,895.01
7599,823.81
7608,267.35
2644,348.57
4502,627.56
17,507.47
4544,122.01
3512,946.1
5250,117.71
9209,557.59
7578,559.33
9092,521.89
9474,630.59
3764,795.24
2339,13.55
6180,384.41
3909,138.22
4029,535.09
1855,405.9
9088,839.38
5594,660.29
5054,217.11
8056,986.83
9114,249.48
5240,52.09
4099,773.44
130,284.34
6754,211.1
5071,762.91
7620,295.35
2476,296.15
4671,782.55
1559,722.54
3631,24.24
7797,188.02
8515,147.54
7222,459.36
3340,111.03
362,792.04
3643,624.13
4032,921.08
1551,980.25
3211,53.25
9269,928.15
5415,333.86
402,92.02
155,404.46
9164,543.44
4487,153.05
2424,577.0
340,366.16
1808,193.16
2551,494.01
2410,54.92
7409,668.48
2279,740.18
3651,359.82
7597,909.11
1579,645.49
3715,288.46
7340,738.13
2905,844.64
219,183.07
4328,593.87
7530,808.23
8816,23.94
1769,30.1
2305,590.82
6301,479.3
2815,274.68
3535,581.52
7872,320.03
3946,208.75
4552,557.68
4099,313.6
6016,20.14
439,886.64
6026,256.33
6943,675.2
8983,324.52
6564,750.96
4954,571.5
8163,42.0
5405,224.16
2069,582.71
8847,505.61
6285,178.73
4131,209.66
5980,133.42
3199,666.72
7187,774.9
3623,132.3
1113,484.22
5627,113.68
3078,628.39
8329,576.94
4120,827.57
4607,821.84
341,377.51
7094,974.39
4718,877.5
8124,20.73
2323,386.85
9501,615.85
350,185.91
3097,365.58
6139,618.16
7251,604.36
3974,590.75
4248,670.91
5639,326.04
6397,423.29
122,407.25
2572,452.64
6054,741.24
7145,436.45
3078,382.15
2012,548.08
4874,937.09
7949,232.83
4087,577.94
1003,597.67
6320,813.8
5553,516.42
9915,577.13
760,247.12
1835,384.84
1146,731.93
6720,651.34
244,302.25
8347,653.86
8019,104.38
8470,812.23
9805,572.97
7322,38.56
6458,559.52
7542,74.94
8782,454.49
25,666.8
1038,772.76
9482,405.71
5231,222.16
2065,404.94
4138,285.99
5266,866.05
4686,283.34
103,925.76
5343,119.37
3991,783.47
5479,913.25
2002,182.7
2476,480.66
2534,949.91
8411,839.44
9806,355.69
3544,339.02
9179,999.65
1808,685.09
4834,462.37
5759,119.41
9967,494.59
9510,776.49
133,226.47
3455,629.25
3288,945.05
2703,835.85
2950,839.69
6693,714.78
2319,257.96
5791,900.83
4529,952.79
4730,763.34
5534,177.22
3341,171.11
1432,831.87
2811,309.91
2097,848.59
6021,952.65
5853,572.7
362,569.36
4012,297.95
6733,864.38
2873,216.03
8510,685.09
7438,218.06
8326,770.31
8252,716.38
2581,951.57
7402,318.37
9773,247.26
3396,87.22
4361,50.88
9939,360.44
7740,448.13
4142,579.98
3476,798.07
8744,695.9
356,574.28
9085,102.6
6640,702.83
7703,303.31
8233,213.88
5000,657.17
5270,42.19
2831,938.32
9042,984.44
9862,552.68
9843,414.02
3354,373.62
4602,148.22
2458,932.33
6782,848.55
6150,442.43
9440,959.6
3881,433.92
1029,434.39
1988,47.07
3035,252.97
3048,28.49
9486,927.33
6480,684.95
7889,151.05
8166,496.61
9339,395.84
8340,86.13
6976,56.6
5488,732.09
3834,656.86
9064,374.75
6772,739.7
1907,618.97
2882,658.13
52,911.05
9680,774.2
4540,295.29
1752,957.3
414,410.0
8710,146.19
2619,541.89
8338,548.85
819,618.25
1910,849.94
5436,411.63
3499,984.77
3926,109.46
5718,315.48
7048,729.7
5784,455.72
3932,553.71
3797,919.97
7678,681.79
2861,136.22
1880,934.67
2294,720.73
4601,596.95
9149,197.92
7498,805.69
8251,337.71
1508,434.48
8283,190.77
1081,360.32
5103,301.95
143,456.98
1394,432.18
7586,541.51
2631,924.98
2922,540.31
3906,294.37
4585,381.03
8297,131.35
4023,727.07
7640,704.88
6933,739.73
824,285.78
6695,225.64
4766,511.76
6854,729.08
1265,535.03
624,228.98
8578,575.31
5976,51.96
3221,513.45
5687,47.37
7437,944.13
1421,145.91
4563,593.9
8354,478.15
1695,825.17
5697,537.36
5942,113.2
6233,250.76
8510,14.79
1280,216.73
5918,903.68
3857,357.54
6551,109.29
9920,22.7
7641,976.16
843,590.98
4118,613.91
4568,130.77
1105,910.92
1170,328.36
8042,557.99
1430,962.93
8403,83.2
9453,487.85
649,896.72
4636,794.71
4996,138.63
9314,63.78
2618,702.02
1315,713.88
9426,559.35
6058,52.16
9339,199.48
7868,122.84
9194,600.65
9452,842.19
3168,926.95
4348,761.28
6857,932.31
1875,944.89
8141,105.1
5431,484.54
4453,288.65
5832,549.09
7885,55.89
6574,929.31
6251,732.97
6731,356.37
1439,320.94
359,737.36
5614,449.59
4286,300.1
1780,480.81
4622,919.38
6063,893.11
5641,169.26
8843,315.07
1487,754.61
2319,179.63
1587,648.74
111,681.19
4113,254.7
2422,907.39
659,120.08
9780,910.76
2936,904.43
8544,217.25
706,169.39
7441,423.34
8874,967.34
6592,192.03
3683,394.35
4063,723.06
4885,732.58
7508,968.1
1824,69.04
8055,315.62
1817,388.14
8342,11.66
7461,293.03
5619,48.85
6047,33.07
9026,590.72
3280,17.04
6187,439.41
2952,772.45
7998,146.2
8577,975.67
3253,177.69
7875,687.55
5151,127.03
6681,833.27
1791,580.88
6394,712.44
7214,762.22
5472,296.18
8735,973.71
1723,911.32
9144,549.33
5531,33.57
3473,248.0
4448,42.41
6868,60.73
1991,485.79
2173,772.57
7290,297.42
1243,499.13
1950,949.31
6201,496.89
5931,867.15
177,457.38
7043,637.46
9675,978.36
5703,12.29
251,70.77
1544,328.28
9408,262.23
8387,80.25
4468,582.85
6693,117.98
8047,503.95
1624,262.78
6008,642.34
2790,582.22
6374,121.52
9458,953.97
496,269.32
6234,292.5
8343,805.66
5157,825.01
6037,282.63
1281,820.4
4303,756.93
2048,778.83
5025,248.6
2084,245.7
9161,901.83
6098,228.91
2033,652.07
4510,557.87
3495,924.19
5991,29.21
9392,467.76
511,374.68
8186,808.52
651,382.81
2320,77.91
8651,480.95
9140,148.76
7607,60.78
802,190.11
524,225.87
8646,859.1
9379,719.14
5477,758.77
1936,290.45
881,111.56
6201,589.04
1298,521.16
1594,454.15
2580,722.03
6840,846.96
6941,954.51
3245,69.2
2255,289.79
4662,679.33
3769,223.67
9228,236.63
6817,816.79
8626,94.74
9121,574.64
1711,215.7
7065,846.33
7192,344.5
6464,433.52
5552,845.12
830,593.64
5951,642.28
4267,949.69
3618,547.58
583,944.26
8645,803.41
1124,871.9
4015,918.09
1124,104.62
5949,561.28
2390,123.69
2324,936.77
5698,972.49
860,794.12
4735,693.15
560,614.8
6612,755.44
6816,371.01
277,928.82
8846,664.9
8927,65.37
4802,460.85
4334,895.17
6320,767.62
9995,149.02
31,829.96
2480,969.0
2937,273.82
8062,300.35
3780,663.81
5447,326.24
9577,140.71
9507,82.27
7950,513.46
3363,189.17
1927,881.05
7469,753.11
8698,196.43
1149,169.65
2199,546.18
3440,422.78
5930,754.08
9418,570.05
6487,187.81
5044,373.13
7828,621.08
3788,40.74
2883,466.32
5448,214.29
6970,881.02
5788,378.59
9414,508.86
8237,817.34
6835,20.75
1028,991.95
9353,748.54
6580,950.28
366,206.09
1696,707.78
442,440.0
4655,123.15
8548,490.48
8132,669.75
175,724.5
7594,535.32
2700,639.85
3737,385.89
2301,522.51
9853,929.5
4475,216.62
1936,284.25
1437,659.33
2218,792.83
4932,889.94
4695,620.52
8866,558.42
2615,676.81
8277,623.11
1413,626.13
1687,12.58
7132,40.07
4001,484.33
3905,590.13
243,162.63
5223,825.11
5245,778.31
7095,674.12
3217,870.18
5476,198.84
4340,494.9
9749,449.99
1616,245.83
5560,203.78
9082,288.35
2903,453.47
5231,818.46
4602,184.03
1407,947.3
9224,333.16
1111,944.48
2590,158.38
2909,279.57
8065,940.38
2689,617.84
5386,919.52
2922,636.9
4028,486.12
6844,731.6
6442,989.66
9444,918.65
4315,550.39
26,231.68
7165,163.94
9211,298.66
7198,186.71
7202,786.79
3385,795.48
2592,87.54
3162,668.58
3983,505.48
3656,112.35
8752,154.35
4728,169.08
6948,191.31
2140,623.16
9222,529.34
9030,996.33
6322,450.64
2462,837.48
1452,402.51
5609,472.63
8478,63.77
3500,506.45
2658,237.39
9493,983.6
6998,440.86
6325,34.07
759,774.0
6813,490.78
4175,553.74
8058,687.13
3308,916.08
567,488.53
9279,772.01
887,199.66
7650,92.27
3741,798.42
572,55.5
1407,516.94
2588,234.49
6547,51.97
1656,715.87
1051,554.77
8873,162.46
3021,299.1
5626,494.2
1379,22.6
6753,500.58
7612,793.32
9535,37.16
7812,704.54
5274,158.78
3323,110.34
1543,682.41
4783,596.84
3561,294.33
4905,274.16
1463,434.66
6944,606.06
6377,959.54
610,566.2
6458,409.87
4204,632.87
4697,706.56
3319,832.34
1277,464.34
2433,527.04
9197,309.43
3450,250.68
3667,306.04
9217,985.18
7897,740.08
5847,783.59
6273,373.94
8234,855.23
1372,993.46
4671,101.79
8178,941.99
9070,733.45
1995,773.31
9394,62.37
679,583.91
4758,914.86
8865,929.25
5623,287.42
1309,904.2
7850,289.85
3007,634.39
5209,21.09
6804,427.77
928,745.99
5209,679.8
469,563.83
803,234.94
9829,346.55
4376,561.45
7982,824.31
7058,91.9
5454,320.5
5817,734.46
7324,806.21
3912,773.53
7218,13.76
9815,551.13
9796,231.92
5395,212.16
9591,656.46
7648,627.29
4135,812.15
7003,230.61
7032,355.0
338,504.16
5203,837.64
8958,759.45
1238,314.01
4292,207.77
6157,450.93
406,240.31
8603,171.8
5706,154.84
7822,289.5
3473,178.4
8346,584.67
4412,285.25
8374,858.85
1020,776.74
5790,428.02
8681,272.36
895,880.17
5418,512.43
2833,561.49
4116,808.0
3900,383.94
3931,567.3
925,570.44
7713,340.42
9530,482.08
135,715.78
7651,548.48
8289,441.56
1801,220.0
6752,726.8
8423,946.01
8596,23.04
3148,566.65
6717,170.76
9164,650.29
5481,522.43
5467,260.14
2146,231.33
9965,171.81
4516,883.27
8998,429.47
3164,235.85
2390,680.97
8608,760.13
5662,894.78
1979,668.52
6862,429.36
2930,922.03
5440,194.92
6727,732.25
8483,854.61
3890,147.33
7272,605.91
9153,245.81
2648,864.71
442,298.8
1612,994.32
6092,977.0
9776,350.05
6054,817.22
2732,323.41
8436,465.29
3940,331.04
3386,61.77
1119,172.62
1351,136.0
4531,587.45
814,103.93
856,944.6
2402,478.5
8634,430.75
4997,60.4
354,105.95
8548,588.95
7271,697.23
3449,485.27
1212,774.0
793,905.11
9394,679.59
2045,641.03
8723,422.44
6591,710.07
8550,706.9
8025,306.55
3978,448.84
765,919.5
3510,102.08
8773,821.71
7180,757.44
8635,400.39
1838,556.18
2275,558.39
4163,451.86
4674,615.56
3887,732.1
1172,652.05
3544,932.26
6327,272.62
1669,930.39
3372,695.05
7008,953.13
2827,98.58
7970,107.86
5390,995.93
6463,676.55
3242,163.18
9056,172.29
1632,484.99
6433,769.07
5670,559.42
9050,840.77
8276,835.67
788,70.78
4675,760.5
5810,444.33
6593,734.51
5080,551.24
9258,601.3
7749,707.52
4600,381.49
129,907.05
1481,456.7
3826,439.01
1001,815.84
1398,114.8
7745,550.68
4756,466.25
1270,193.92
3861,820.66
2278,955.81
9229,714.65
2458,484.68
5548,572.85
9028,607.73
6713,907.63
8744,870.19
647,219.3
5101,406.47
5622,838.1
5705,744.53
5299,936.29
3141,859.77
1146,855.5
3134,386.53
8525,98.63
7808,719.26
3734,440.43
2713,353.96
4376,667.11
52,327.06
9508,964.98
4755,301.67
4055,277.07
6665,545.1
9727,286.69
8618,480.67
2177,604.77
5176,811.12
357,478.2
609,207.83
1327,985.8
5185,110.87
5433,770.22
5329,253.93
6141,762.78
4789,423.13
929,202.26
832,922.39
1184,411.78
1425,623.57
4969,82.19
6799,795.93
7341,60.25
8003,912.98
209,949.1
6097,934.18
111,474.59
2268,272.38
6541,103.93
1847,813.9
5051,76.0
7192,607.67
4980,38.63
8590,974.78
9942,416.05
6821,273.1
6801,290.81
6224,911.31
4660,635.01
9471,194.44
4666,904.66
8935,573.06
3408,159.74
8606,780.72
7570,478.7
9693,674.4
2960,312.14
3656,604.22
4567,773.66
5791,172.86
1130,836.98
7284,706.82
8242,291.74
3822,133.58
3053,524.82
4505,277.88
6964,925.56
7071,47.92
21,463.56
1087,768.97
3322,220.72
9534,848.09
1039,425.19
3409,455.28
7571,422.51
8907,598.56
9881,424.48
5201,65.53
5935,751.24
7603,784.1
6693,309.96
7995,531.86
335,734.3
7269,92.28
2566,735.45
3307,334.94
3064,616.87
5609,981.88
5271,50.52
2862,362.74
4012,873.33
2478,201.47
1939,351.58
9280,178.07
639,944.68
3739,20.66
8395,459.33
9319,805.54
9510,231.68
4732,726.66
5599,246.62
1629,170.34
9368,951.92
2438,779.16
4996,734.17
5591,872.69
7384,566.42
9291,118.82
6939,302.86
5580,252.53
6924,438.78
894,158.23
9933,616.62
484,80.9
570,918.6
8399,570.31
6416,644.86
2979,920.18
7922,45.59
6186,396.09
5454,860.56
6413,255.22
4248,309.65
9048,119.83
4337,307.21
3808,972.09
960,649.4
3612,267.32
3466,659.25
4662,585.25
421,468.29
6122,370.08
1098,854.71
1633,923.25
820,350.96
8498,826.76
613,142.29
3334,431.52
6337,839.84
8235,595.7
8174,259.67
375,150.84
2137,957.76
7339,103.72
9442,624.17
7126,226.47
2863,79.1
9382,258.81
6625,872.03
3769,116.82
3960,207.86
4485,128.2
7725,537.83
7733,395.18
6615,139.54
7386,804.32
9814,23.8
3949,730.75
3959,210.68
3845,886.52
94,776.95
5155,706.95
9385,177.92
5631,407.25
893,264.74
1486,283.99
8693,930.33
885,911.53
2029,599.34
7045,788.43
5708,794.31
8824,994.21
6565,130.34
7073,320.75
7121,998.57
8384,562.74
9711,652.0
8013,297.53
4320,760.01
5849,84.52
5217,479.98
4324,265.13
7088,892.22
6354,152.92
4388,201.34
2057,152.53
7061,317.87
9325,991.05
4736,431.25
1907,540.12
136,602.23
4304,50.59
6763,36.44
2439,128.95
7687,795.4
8031,473.62
7675,708.12
4071,472.34
3738,444.78
5997,106.52
5357,746.54
6755,273.4
192,282.07
5686,87.42
2644,211.96
2633,514.9
5562,48.6
5170,815.88
2511,603.06
4736,440.8
4667,551.61
9526,613.68
4380,313.78
7668,64.79
7716,732.75
4397,138.62
1543,126.23
3879,141.81
9868,787.96
1127,86.86
3380,115.86
4153,615.92
4607,171.11
3912,90.73
2377,279.24
5004,134.33
9681,889.35
3931,863.77
2379,288.62
7845,260.88
7743,245.56
2095,684.69
5954,321.65
2131,817.91
5221,181.04
7914,269.2
4605,648.12
9818,619.37
1268,368.07
1969,271.69
6664,47.1
8901,725.34
3608,230.77
529,377.01
6033,501.63
8649,830.16
8587,812.62
3216,600.13
4479,151.17
3019,693.53
7025,381.49
9883,555.03
4300,467.37
3260,317.06
9352,119.75
7018,391.32
4771,146.36
1710,713.51
6692,962.63
4699,225.13
5211,412.24
7038,10.5
6435,633.86
260,358.33
9678,880.79
7369,869.66
897,485.89
9275,70.96
7904,775.23
3993,766.0
6463,967.92
7009,865.77
9638,709.68
1459,923.34
4596,614.42
7583,664.74
6636,424.58
4065,894.16
142,83.28
105,73.81
6032,55.14
3925,880.4
922,727.94
3386,546.73
2640,161.46
6143,524.89
1861,883.77
6724,846.75
8616,543.09
297,391.63
313,282.09
6040,797.18
6604,950.75
2352,856.32
3663,810.99
3600,986.92
9042,890.76
9281,338.03
8105,488.28
6925,739.47
1013,98.98
794,860.19
5776,166.28
195,711.54
3635,282.27
5046,151.83
1321,281.6
8446,583.53
2106,548.6
4576,106.77
2061,361.47
1403,500.92
8714,72.38
3540,404.58
7757,311.01
4478,551.15
6970,233.62
2769,865.99
4276,229.45
6102,261.33
8294,613.99
2728,158.34
9960,894.75
7645,849.73
2138,478.69
2663,737.79
9498,68.12
6585,571.67
6071,493.78
751,88.5
486,646.64
5232,77.98
2394,538.63
1714,394.08
1992,289.12
5865,554.82
1751,699.85
2998,936.35
6309,271.62
1629,434.04
5220,355.59
2754,524.0
2659,416.16
8198,172.04
4301,487.01
609,292.68
1200,815.36
2170,251.99
8551,890.15
5080,106.26
7385,117.59
9658,337.06
865,339.52
2447,572.16
1006,777.06
4196,197.19
8452,413.84
45,62.77
1152,96.1
8878,850.35
3639,157.66
8323,559.25
4421,10.17
7942,311.44
7598,343.91
4992,836.28
3294,631.27
7493,210.82
7939,594.99
7826,983.08
4844,717.83
9687,123.76
6171,601.33
8796,238.2
6468,314.9
5480,228.38
2574,719.82
5159,390.95
5778,548.67
5071,473.66
6275,273.44
2525,49.85
1172,639.04
3452,70.53
2936,282.77
7103,357.78
9450,986.06
7888,70.54
316,561.17
7489,325.93
2653,656.35
1913,671.71
9359,865.31
9451,763.24
5599,502.71
9417,338.96
2991,325.79
7028,585.67
9795,633.64
5174,46.91
6432,322.25
3209,160.93
5368,472.11
6216,657.16
9849,649.16
2443,348.31
5292,813.92
3107,90.81
4814,444.31
2993,37.12
1406,321.77
5609,12.2
1559,425.33
3588,330.71
7444,234.7
6229,254.42
9341,206.23
8303,193.95
1962,585.2
7206,964.73
2357,90.31
5711,539.26
7556,552.45
2352,832.67
2360,426.72
6206,798.72
1341,454.6
5337,257.69
9047,549.13
5363,836.59
4341,596.66
7710,319.73
3857,708.72
6340,345.24
6019,566.29
4519,286.09
5035,885.62
5399,239.91
8622,34.7
2338,885.48
2837,373.19
3125,869.3
7677,288.3
7687,382.41
4270,272.55
649,642.44
5895,349.03
1244,538.91
1748,937.04
9420,485.14
5381,942.5
660,739.27
1429,131.75
3929,243.81
964,742.27
1336,638.1
1272,472.77
3975,941.39
7973,116.4
209,232.21
8009,287.9
2390,65.32
8486,525.56
6875,532.02
9420,703.96
652,477.35
3391,588.47
3014,898.52
8540,252.76
3255,198.69
5954,643.53
3554,775.03
4665,231.07
7858,805.7
9382,861.9
3724,167.49
1999,427.83
1132,711.46
674,891.12
6024,623.21
8655,216.02
8607,820.23
2126,581.09
3684,896.29
2553,111.0
3133,575.2
771,142.19
3167,831.71
8426,800.57
1381,670.88
64,216.44
2940,466.44
1116,520.85
6346,708.75
159,231.94
4326,40.39
2180,989.4
9321,927.96
3494,586.76
4541,401.38
2365,189.43
5323,877.65
3814,819.36
8786,988.0
7430,142.65
8758,748.99
6418,59.8
9658,505.74
7725,483.89
1853,211.19
4342,704.75
4603,470.05
9086,855.7
9900,204.93
9233,92.78
4640,47.02
7751,186.02
1037,874.31
1128,805.95
7589,753.94
6186,77.54
2856,217.17
2457,401.57
3411,421.37
2160,372.7
7955,98.48
5757,582.41
6253,966.16
7840,508.11
4128,40.69
2806,492.16
1833,786.83
3084,799.53
8877,696.05
773,828.1
9098,524.47
9377,439.95
3840,713.07
4591,222.97
9769,886.97
2531,859.89
4742,144.66
210,412.04
8575,123.18
5108,312.25
7369,117.49
8964,205.03
5596,271.35
2452,655.5
2207,273.01
6865,306.87
5547,592.58
227,227.85
9710,517.87
1509,373.26
3240,715.45
4445,43.06
3067,281.84
4952,682.85
9780,313.12
8862,799.66
9847,667.38
5072,469.46
6693,278.06
1490,682.18
5348,121.54
1516,119.37
9170,825.69
4288,315.28
7344,225.22
3903,155.45
338,590.17
1824,175.96
5159,533.08
1272,790.23
8896,236.04
5952,585.41
8486,578.34
1426,796.65
5066,54.03
5265,65.1
4692,353.95
9015,220.02
5042,498.41
2489,715.83
5416,102.12
8178,848.4
8904,628.37
8267,946.88
1407,857.77
1409,68.71
400,969.8
1095,21.54
1921,700.33
7080,924.89
2364,46.26
7096,107.57
6312,734.01
2768,575.84
5311,738.43
7198,731.85
3565,378.28
7272,407.26
6034,384.57
89,958.41
7951,376.21
142,589.68
847,384.95
3632,604.7
9047,609.62
4102,347.24
5007,934.46
205,498.78
6065,495.73
5335,899.78
6475,615.65
8925,712.16
1340,885.4
9773,28.11
9246,618.67
1016,644.4
6713,306.36
2602,376.21
7945,496.23
3902,713.88
9696,371.93
6006,844.46
7467,811.85
3250,457.85
8367,484.4
7991,917.38
604,356.6
8968,610.4
4865,564.76
8206,446.76
6809,120.49
6569,73.52
2102,88.62
5131,582.07
122,48.44
5122,723.36
9651,908.21
9167,575.21
9881,984.46
793,515.4
1467,27.68
9955,585.09
2504,911.46
141,171.18
5679,812.73
7623,889.83
5319,889.11
1813,335.43
6836,435.01
586,638.77
2221,213.86
19,70.65
4397,425.06
9131,759.02
6958,868.53
7816,814.35
3768,273.83
6746,545.97
395,170.75
9601,615.91
3157,757.95
6056,385.66
5206,594.47
6478,406.61
69,575.11
1310,305.46
1615,514.05
13,643.48
4432,228.49
8031,813.75
2379,10.22
4134,488.98
5324,954.98
3207,349.63
1105,556.02
8197,210.95
3766,961.71
8979,114.71
5632,783.67
8876,539.45
2846,459.49
3287,938.79
7814,93.12
2728,510.15
8015,88.8
1155,115.84
5539,855.67
4426,637.89
2390,877.38
8942,650.84
4743,198.12
2567,387.12
6224,645.59
5282,433.03
5493,428.58
7163,934.29
4267,722.67
1108,757.81
4529,750.72
2857,989.17
416,62.25
7785,472.2
2376,918.46
6898,588.79
2985,786.69
4469,175.64
5339,905.32
6613,329.99
3098,454.68
1887,480.56
9233,577.77
6378,530.06
2578,707.05
6692,872.65
2448,709.8
8851,237.63
7560,917.97
2904,783.12
8639,129.81
8587,905.26
5128,728.61
6390,909.02
9675,790.52
2095,306.71
2052,798.69
7937,336.77
9984,234.33
6767,330.66
9733,619.5
3600,178.45
2749,553.6
165,653.24
3824,122.87
5082,280.14
1091,123.96
3322,341.52
2883,442.99
4322,244.67
1996,737.2
4770,283.65
3900,505.49
4377,273.96
6828,139.2
5537,784.97
8985,867.31
445,565.16
4091,702.16
9522,758.57
813,468.13
4672,878.56
6997,525.04
6766,825.01
3327,150.66
8426,161.92
2597,296.37
3344,749.34
6525,821.98
2046,502.06
8676,255.94
2159,470.94
5221,724.59
1994,507.76
6513,655.55
9202,345.12
3097,605.74
5893,596.21
6937,983.99
6711,462.89
4696,615.69
7484,378.07
8409,748.62
6742,411.39
5981,703.07
7255,993.7
6023,481.33
578,932.62
8943,304.1
9310,234.64
9938,588.03
7808,235.96
8398,341.54
7040,943.52
5763,712.8
29,682.46
8231,402.26
7661,44.12
234,841.58
4874,826.4
1240,641.59
6893,729.74
1738,825.82
32,412.49
286,54.35
8168,595.35
6315,986.58
8399,119.13
7674,90.24
3804,604.29
2304,48.74
7115,138.37
8133,974.27
2713,873.7
4749,686.15
4912,849.77
8186,675.3
2552,758.6
6033,490.04
7031,647.49
2888,929.76
46,966.17
9828,638.9
5422,596.23
9279,590.86
9287,102.68
4741,822.52
9720,512.87
6148,431.54
9657,78.39
4389,770.63
903,393.48
9803,338.27
3463,465.96
23,788.52
7089,405.64
5302,597.94
3715,885.62
2654,362.64
2295,889.48
6369,240.16
8128,251.61
6694,877.49
7877,802.65
1981,330.45
4773,568.08
9,880.21
9022,113.82
8645,844.69
9881,141.03
4652,415.49
5207,232.17
7630,615.64
902,427.0
3420,703.3
1528,298.56
7637,780.06
208,78.28
7326,737.86
6741,796.26
6543,134.17
2635,901.3
8889,154.95
2606,257.93
7256,704.82
6968,486.62
3058,764.12
119,650.8
5949,881.05
8919,509.23
6606,763.27
5810,910.69
5299,125.28
5568,618.53
5462,564.88
9369,60.32
7199,425.22
1187,84.83
1983,204.94
7565,261.38
6508,494.56
408,694.4
8247,842.11
277,923.39
7307,808.11
3724,267.49
3460,852.1
8486,293.86
892,289.74
499,92.19
4926,140.34
9204,707.28
4879,244.01
3876,279.85
5227,148.26
1772,43.4
1165,391.84
1037,839.82
8404,111.21
2833,526.06
9355,662.53
8844,344.45
7094,435.16
6614,939.05
4157,415.89
8649,80.6
4775,697.15
4039,118.65
82,676.76
4934,182.47
8582,803.88
9902,371.26
7119,372.4
5458,866.93
4203,809.45
8215,353.77
9420,265.12
7790,993.25
9568,261.22
3231,377.83
4259,112.18
851,395.84
4645,256.62
6741,248.38
2046,925.65
855,18.97
6037,997.39
1536,186.9
6901,422.46
77,328.32
6257,646.64
3578,860.47
6028,271.44
672,656.64
2328,372.87
2974,679.13
9694,718.69
1765,670.06
9878,564.05
898,672.89
7659,156.51
5325,424.67
3875,833.17
3621,59.43
6836,147.27
7415,757.35
8917,661.36
7577,126.2
4096,342.11
901,641.43
1585,551.38
3740,449.09
9019,975.21
4980,728.83
5517,778.63
6025,690.39
4572,638.53
1494,899.35
378,531.53
4980,563.0
2502,63.47
6405,529.81
2679,777.38
6832,613.26
2751,999.7
1993,362.02
5367,769.91
1481,919.89
8704,245.74
7749,540.91
8589,535.03
7832,139.66
6337,515.12
7635,657.11
9121,414.12
4681,24.2
5530,367.17
1129,908.6
8364,902.89
2404,392.28
4906,573.99
1154,756.06
3185,972.16
9541,266.46
8332,909.61
8443,589.16
1459,829.73
3589,832.58
1393,566.62
7595,970.71
3618,881.81
4492,603.97
9509,965.9
4729,92.59
2378,731.73
8529,472.4
7610,275.81
5546,824.77
5745,421.16
8095,177.82
5870,10.06
2497,932.67
9427,422.62
8023,576.83
6102,855.25
2350,66.89
2334,811.32
8580,248.84
8613,649.27
6076,857.01
8879,286.05
4969,954.24
5523,489.7
7304,398.62
4034,91.89
4770,680.08
2666,848.34
1157,530.12
1812,211.14
6939,224.15
5346,991.69
3569,704.11
6634,783.07
1088,138.26
7100,605.19
930,383.81
6200,245.66
6308,535.93
7774,661.12
3314,762.84
8082,323.06
6690,718.77
688,542.75
2233,387.79
9354,308.71
4089,11.47
8407,83.75
9339,83.92
4617,689.28
1852,595.68
7119,17.94
1203,231.35
2587,860.4
1774,354.93
1569,663.07
9703,799.85
8728,733.23
3617,508.82
9020,556.3
8137,949.14
8921,800.33
9931,884.89
3312,712.45
8984,764.49
2488,674.54
7426,907.69
9142,85.71
3260,530.12
1630,542.42
1540,142.62
874,589.3
631,909.08
9942,386.75
1719,985.76
8041,634.79
2253,23.8
1428,298.19
7128,47.93
428,919.6
6780,612.66
7922,24.4
3373,308.54
1828,868.2
1803,285.22
4866,580.0
6258,62.66
6923,267.38
5738,805.37
79,762.58
1713,74.41
5406,98.15
5478,179.66
6858,678.22
4171,877.9
7101,661.47
2076,490.08
6006,598.09
3919,780.04
8817,890.05
256,655.83
6868,627.72
9453,272.34
300,757.69
3624,59.51
8973,548.01
3300,179.43
4054,861.96
9877,514.37
939,476.79
9038,185.22
8113,365.93
1810,562.55
9693,288.31
7918,394.68
8548,77.28
1538,429.3
6412,790.04
250,532.69
3616,374.04
5742,318.36
5761,359.5
8020,758.12
8546,143.99
4121,317.13
2523,391.94
779,431.89
7980,261.22
9353,242.2
2394,333.25
1351,537.65
8863,142.66
4683,379.24
6662,161.08
5938,329.94
9581,711.72
7925,651.76
7269,333.39
7152,609.71
6461,877.75
5398,617.94
281,409.95
4995,867.16
1627,108.01
9295,849.63
8665,113.09
7262,687.21
3342,844.37
4470,196.09
7089,718.92
5777,675.12
9191,886.52
3614,534.17
4505,742.96
8892,262.77
2569,186.91
85,446.96
6232,68.22
607,495.53
7254,536.04
1655,510.08
26,813.68
5282,481.47
4967,55.93
7107,32.9
5894,353.71
2561,347.93
5274,550.25
2210,988.11
8481,189.92
6633,562.33
7265,522.42
2088,706.43
6207,753.84
3826,344.44
7720,921.94
8735,374.22
4216,299.87
4181,890.58
8971,929.82
4784,456.21
5230,187.91
2175,682.28
7121,292.49
3751,623.9
3532,671.08
7990,194.8
9704,878.75
600,417.23
7901,903.16
8251,342.18
1097,455.67
3195,722.76
5779,601.58
977,178.28
7175,714.89
8804,401.56
1961,969.19
1473,20.16
8568,256.28
4133,897.15
2904,100.83
386,624.35
2899,72.63
379,242.97
7427,530.69
9282,948.32
1154,601.19
7858,701.86
3836,498.95
8199,425.36
2754,818.21
2327,420.47
5061,902.87
9819,466.84
2692,700.82
74,523.78
2766,25.19
8533,150.64
6337,134.86
2518,298.85
914,904.29
8478,480.55
1418,450.31
1167,913.37
3890,123.05
2608,738.59
8181,586.97
7464,573.81
3563,218.44
3173,203.19
66,581.01
1455,123.42
443,864.8
9616,732.64
1050,468.91
9237,108.96
6272,945.63
7321,973.27
4821,468.88
8804,658.09
9410,210.64
6209,421.09
1636,168.65
3194,373.04
8157,522.81
9464,233.3
9839,629.03
7376,869.54
8956,320.22
5046,807.5
3177,117.75
4206,70.42
3963,540.28
1538,74.3
4549,958.16
8272,606.94
1373,486.73
264,940.98
2456,773.5
983,237.81
3105,34.05
3464,71.62
9492,862.02
7017,272.28
3146,826.76
3023,578.04
5564,544.01
5717,816.91
1308,596.47
1272,387.56
6501,102.95
7951,794.06
9847,43.28
4992,959.06
5451,311.16
1179,110.42
7189,684.96
3995,948.06
8418,482.37
7996,865.8
6812,564.41
766,61.16
2288,182.35
2529,575.31
8583,629.29
9171,508.77
1593,959.3
8233,63.14
7429,746.45
4560,341.07
8756,378.55
4309,63.4
7111,242.46
3889,252.83
2176,772.75
8734,381.4
9968,630.24
8800,281.8
4292,347.1
3702,134.56
7326,207.52
2558,265.17
9254,825.87
3156,745.95
4367,747.83
9348,505.07
7376,678.53
7770,365.69
415,542.77
4391,339.81
5781,436.84
8084,882.82
190,46.55
9216,137.9
5444,606.83
5338,52.27
8016,870.98
5440,96.78
1405,236.9
2873,309.67
5562,340.12
784,354.75
3595,575.43
8597,497.76
9705,180.61
488,224.19
4060,710.57
5594,880.24
4331,819.76
9288,901.88
7359,962.97
7493,258.06
6700,947.54
8990,707.82
8894,673.08
2602,286.8
6040,625.13
1870,584.34
7395,834.33
9083,878.44
6662,289.5
1057,762.74
8136,405.83
4480,390.86
525,505.19
1597,800.12
786,672.37
6497,127.66
2816,234.58
1633,622.99
6903,22.8
1641,830.33
8718,124.42
3588,672.68
9954,507.75
2477,221.7
5017,384.53
4327,655.78
648,881.06
7458,686.75
7125,601.19
229,210.9
7663,749.67
3048,755.95
3347,836.37
1660,203.74
8467,555.26
1971,269.11
6923,207.98
598,906.1
3017,61.82
9899,765.6
5693,31.36
5626,286.42
2990,454.7
6108,870.42
3550,70.02
4760,548.14
7188,426.12
2363,69.17
5834,806.13
4967,874.77
2337,516.21
9949,19.74
5375,42.94
9917,738.44
8599,714.46
8151,92.02
478,463.48
5357,522.97
3798,357.27
5982,310.64
9841,806.23
5784,551.22
875,202.29
4115,808.66
2968,225.25
470,812.91
6926,909.27
6491,361.9
4162,937.51
9896,748.17
6610,183.41
6835,944.26
1853,257.69
4965,939.35
6630,361.7
2983,49.96
4664,959.82
1628,561.54
1484,246.23
6877,433.41
3691,135.78
386,33.28
5157,402.87
9445,563.14
8560,727.32
8373,796.66
4581,881.33
7534,303.25
2166,758.09
1282,990.16
7021,480.3
7897,304.52
3503,495.94
2059,724.74
3387,564.71
5920,146.68
5628,530.56
7848,925.6
2870,608.18
4974,500.6
3293,554.42
6113,995.64
6904,651.44
7590,60.78
7149,843.19
4636,190.43
4853,611.04
4670,526.81
925,735.78
2375,982.0
9143,583.98
8277,943.22
7271,111.14
3880,257.64
2505,961.88
1748,198.56
9390,340.02
5613,517.86
290,919.48
3740,144.62
5496,633.48
4103,645.37
3274,741.69
1461,473.87
7071,354.34
9592,153.48
6794,497.36
9361,639.64
3249,160.98
449,69.71
8493,433.64
7381,513.33
7728,183.3
8196,727.74
902,215.62
9719,340.64
2613,440.44
4910,340.07
1508,577.66
2731,217.77
5802,57.01
6455,662.67
7321,178.87
9419,37.98
927,437.96
1703,54.15
3112,932.67
8188,897.7
5739,721.76
6951,400.02
4632,162.03
6765,602.12
755,681.7
3187,619.41
4104,337.7
2218,786.96
9811,844.8
5904,287.84
5884,28.94
8501,914.46
8967,112.36
6577,768.36
3435,778.69
4354,404.32
1370,580.98
7201,33.74
5284,710.09
6180,44.07
9050,60.87
919,438.49
1031,386.77
158,358.38
4512,340.13
7027,800.17
2651,664.05
7961,280.86
5023,732.37
3463,650.2
9984,962.26
6597,828.53
9330,489.38
689,176.84
7707,693.57
7774,845.1
4531,329.09
9926,775.78
7215,81.2
4420,33.82
4158,287.86
5248,666.76
8390,759.49
7085,221.24
8645,923.16
7233,880.69
6399,962.01
7312,618.27
6629,90.41
7540,927.27
1767,868.74
1910,937.71
8203,917.92
2089,142.85
2006,104.31
8349,915.63
8523,692.0
8917,432.76
1072,54.94
8963,599.11
9891,411.22
1805,683.52
416,245.86
3994,703.42
60,942.82
4382,749.27
9735,46.06
5856,174.31
9986,241.5
8934,803.14
9177,286.92
9153,65.13
2645,510.11
4364,960.06
9538,653.18
6469,690.89
6292,590.6
4792,101.13
5080,881.45
7106,803.35
7271,457.14
3729,713.68
3614,150.84
81,261.15
6684,32.38
1708,288.55
7618,137.32
7621,179.69
5478,361.69
8355,327.23
3220,124.41
6721,805.34
4465,20.48
2555,917.62
5527,950.07
7324,633.03
1265,947.77
524,927.06
4999,302.27
6628,131.6
2452,735.34
4857,680.02
3125,884.86
2429,400.84
2511,585.18
8137,473.78
6003,696.21
3122,818.23
1674,784.84
8562,780.57
2796,570.88
7350,895.74
5639,688.53
5725,233.46
2619,785.38
7962,728.42
3816,617.36
8435,363.0
6539,141.27
586,222.57
3270,37.79
9483,531.23
6092,960.45
4762,514.42
5832,108.68
4399,127.97
9521,59.39
5138,295.33
7373,403.61
4889,557.85
2272,180.18
1896,48.38
5998,757.95
1879,488.54
6071,824.03
6190,120.43
7111,907.26
511,865.07
340,860.21
509,17.81
2276,517.76
2810,225.22
443,369.51
9905,761.45
9074,132.79
7900,46.11
1879,509.2
8933,470.44
952,356.79
2842,720.1
804,141.27
4655,826.61
3223,166.27
7706,674.49
8796,227.79
3489,517.19
9695,492.16
739,679.0
6424,929.7
7596,278.93
905,611.17
5380,640.64
1246,744.39
7457,860.24
3418,382.33
847,851.2
8837,635.38
476,355.26
4164,488.75
9028,896.35
4731,712.83
4434,100.14
9696,598.45
8383,883.71
7986,715.49
8259,724.66
8322,589.26
8067,93.63
2611,421.72
7260,662.02
9889,737.1
8031,452.92
4968,854.02
926,619.61
2589,379.11
1503,374.27
1481,103.78
6798,198.31
4763,976.92
6554,157.44
6908,830.18
7198,922.33
4662,737.66
6392,124.8
6193,956.18
3296,327.9
8106,215.42
781,894.13
2953,634.2
7601,275.16
3419,82.29
8465,744.0
4623,503.67
1915,326.13
3516,502.34
2687,913.72
9091,482.86
5158,684.1
7140,906.82
5390,284.37
4731,941.17
4936,508.99
7796,390.34
6536,36.52
7078,669.29
5919,968.96
5637,568.84
3957,367.91
4418,201.29
4031,755.63
3770,416.15
2451,837.18
3651,392.15
1613,267.48
3918,945.69
8470,424.35
9930,341.83
5193,251.03
4595,413.99
901,67.47
7387,630.02
7248,636.19
3822,193.91
7938,638.4
4148,72.42
8478,88.43
3613,556.86
394,606.26
4036,749.89
6540,346.87
8624,355.08
3262,138.04
3396,409.29
2868,611.86
501,154.9
9584,555.71
8871,167.16
2904,718.56
7108,53.71
3187,900.89
7987,472.11
8304,735.76
9102,480.58
8902,80.89
9288,676.52
64,588.34
9083,655.17
100,518.84
5794,266.31
6043,648.22
323,689.41
4877,847.6
7299,436.95
4451,962.61
230,210.99
4158,750.6
5391,202.21
8361,949.99
5948,90.44
762,142.19
249,618.58
6843,534.17
2312,186.97
3171,512.6
9875,109.6
1933,184.95
9963,977.23
163,38.06
497,360.56
2914,717.26
1487,320.93
9970,17.6
8921,81.23
8867,746.08
5783,459.95
2717,518.05
8588,446.1
2024,100.38
6149,910.75
5402,89.51
1926,780.46
7123,38.41
7005,728.74
3284,190.35
4403,876.89
6769,79.44
6272,936.87
2417,954.64
8950,853.86
329,412.92
2475,492.18
269,456.33
8803,511.61
5022,929.03
3479,21.04
4564,144.29
8335,914.69
2839,445.78
1118,948.71
4029,325.76
867,264.7
9288,424.69
2905,646.39
5283,218.13
6318,517.34
7757,160.41
8356,946.31
2550,792.88
4400,67.72
2861,920.13
4446,136.8
4253,448.66
8477,899.84
8227,500.43
5515,673.77
9099,109.01
2701,619.76
3051,998.28
2332,248.22
7425,758.68
7964,594.23
2542,358.24
3258,139.72
4214,549.72
5418,25.28
5962,486.3
7946,548.14
7677,650.29
92,984.44
2392,94.45
6971,69.2
4467,35.61
8559,241.6
6660,374.74
7222,214.32
6370,807.35
7780,879.3
9377,739.74
7606,480.42
9139,437.81
1135,334.31
6560,591.32
7872,554.61
1492,191.79
4974,479.89
6778,296.02
8162,93.95
1459,64.03
3805,179.24
8372,130.96
6029,904.55
6438,671.36
6676,839.24
6915,794.73
3630,530.11
6297,248.48
8879,804.18
6424,592.65
4345,757.27
4011,468.85
1170,542.57
8113,280.01
1308,581.35
8278,479.91
2989,867.55
9414,893.51
4355,766.54
9868,356.43
8184,678.29
5273,366.14
7028,528.11
2878,563.88
3461,970.15
7508,492.2
3686,593.23
3856,555.1
5053,621.44
9209,191.14
8182,993.7
8834,36.6
6965,375.11
6837,38.9
1861,478.49
4458,234.97
2666,702.61
6138,128.93
7207,828.69
7825,541.23
3835,479.66
7832,156.15
8811,813.66
1691,24.02
173,902.67
7780,304.42
3528,420.91
6861,342.49
9080,967.4
3744,936.18
2579,862.62
9371,790.1
756,860.09
7389,758.25
7921,990.96
8020,717.32
8533,458.04
250,593.73
7618,644.54
3973,470.98
9169,473.74
3189,982.46
7275,647.42
5409,679.9
5808,704.06
2853,164.42
1307,737.0
8984,917.59
9090,492.22
1516,584.53
7788,529.29
6360,888.75
433,149.96
5134,972.63
7417,819.8
2101,823.27
6089,301.27
8169,290.41
917,766.41
8370,833.87
3228,894.34
2499,714.2
5014,110.31
4053,595.47
5055,985.03
5289,428.71
977,932.07
7276,47.31
8446,813.32
647,216.58
5890,776.75
5752,414.97
7034,91.87
8295,707.98
6517,85.64
4400,444.59
5445,190.86
3021,184.05
708,575.83
5772,637.81
3932,827.24
9623,88.07
1444,167.01
7552,855.99
81,351.86
6288,189.82
3254,221.49
6452,385.84
6576,352.81
8421,497.52
318,452.38
9679,700.67
9917,957.78
9970,139.9
5366,769.42
9711,900.3
4530,230.52
8488,103.64
4062,971.62
621,973.7
8258,512.86
3631,312.93
4081,339.77
9821,134.66
2992,308.19
1238,659.66
1475,234.11
7131,750.66
5856,230.41
9330,521.87
8994,104.04
1601,198.83
7335,428.52
3168,161.71
8606,649.11
4039,657.41
8643,216.62
1978,123.01
761,210.79
3727,960.79
1934,287.34
976,421.35
9875,961.89
855,81.9
1974,886.51
1881,945.39
7445,910.35
3194,809.92
3164,677.46
8011,346.02
2820,805.44
3362,734.4
9592,665.62
2594,730.5
491,165.96
3504,542.65
7364,410.51
4934,858.01
3327,101.84
4602,995.14
4786,924.03
5965,721.7
6295,204.41
9503,242.52
8070,479.71
9286,401.79
849,866.32
8714,744.72
4078,465.55
1780,597.18
6044,903.36
3956,350.06
2593,657.92
1708,837.06
8578,610.43
2648,784.32
7648,779.44
868,972.2
9195,828.54
2494,354.44
3784,134.04
247,622.01
9517,45.49
1096,538.98
803,669.28
2320,41.46
1525,473.57
1937,205.6
7915,977.72
6014,272.28
2735,879.19
3583,645.86
447,554.62
2642,982.11
3443,965.2
6386,432.35
3225,265.49
4872,785.82
7508,538.35
6693,242.34
8177,190.03
4119,939.36
5004,216.23
977,955.86
1245,502.13
6170,514.23
2767,995.56
813,713.57
6976,155.95
373,121.01
1147,997.83
186,285.15
5455,953.25
9102,617.29
8318,426.98
9672,553.12
5841,793.9
8696,695.05
8188,227.0
1499,829.74
2432,215.68
5667,655.93
1416,558.21
8703,960.34
3637,507.44
3129,897.24
9571,199.18
3734,432.12
5682,270.7
7460,956.63
454,328.67
4521,813.76
2001,223.11
4074,92.71
5834,334.74
7159,557.55
7928,206.14
8132,649.67
4276,589.35
596,237.0
4454,395.02
3967,983.17
6127,759.26
7352,286.09
2739,584.25
5221,642.68
5840,775.56
7950,947.5
5679,571.99
3439,880.52
3584,335.0
6970,415.92
3150,644.46
4378,650.37
8064,202.54
1287,643.15
8143,222.12
5820,259.68
4366,643.31
9799,674.92
7957,172.33
4466,570.89
262,763.76
4725,911.38
908,305.11
6629,828.04
9710,802.79
3767,683.61
2942,385.12
2681,987.24
2135,915.12
2740,708.36
6788,544.53
9423,84.1
5733,517.22
4524,658.39
3944,971.25
3415,459.81
6172,380.16
7757,538.34
7206,229.09
3404,126.38
2537,499.65
4091,55.61
6823,693.38
3699,963.09
3265,373.08
9815,847.15
1972,629.47
636,897.16
9380,959.48
1707,816.13
7149,223.03
9022,640.01
173,32.13
3208,268.62
3459,53.56
164,72.49
1710,167.02
6186,807.86
3962,421.76
16,823.7
9940,964.86
2133,28.69
2192,64.87
8406,192.77
9282,268.62
6556,31.31
1860,698.45
5622,465.51
4644,664.08
1691,77.34
3224,449.44
5576,965.21
7888,160.92
2357,556.57
615,457.32
5009,145.44
9859,481.44
3271,182.5
6370,700.39
4251,509.11
1713,14.85
5087,759.33
3409,395.49
7177,262.64
8286,985.78
1686,323.16
3920,99.1
6330,911.63
1632,665.93
7368,934.67
9293,412.7
4905,346.37
8431,716.75
9190,693.69
7766,199.29
4356,125.1
9140,244.22
9040,281.36
8583,281.43
5984,751.35
9914,152.16
2332,21.09
8672,362.38
6054,25.37
5178,281.22
4680,430.25
240,856.87
7471,910.14
3330,565.31
35,712.78
9453,643.07
9982,749.06
302,185.01
4312,63.29
4173,725.1
2136,817.09
7946,143.88
6360,39.25
7623,361.27
9693,561.9
4198,78.05
587,749.47
8783,818.76
1195,916.43
8415,734.19
6144,479.19
6694,678.27
1447,900.65
948,567.97
2530,374.39
946,526.4
7922,959.3
2978,876.03
1008,585.36
577,725.0
333,471.32
6097,423.82
108,406.6
7187,697.4
8397,984.51
2832,312.26
6921,831.4
7263,573.02
1210,325.71
4336,633.48
8759,526.76
7658,147.54
1272,400.94
1315,842.23
3767,651.49
4451,311.68
2974,412.16
1546,82.15
9943,276.85
781,659.2
3874,645.64
1751,323.92
5850,657.64
868,596.82
7445,505.32
6481,298.3
8071,241.44
6818,261.83
1327,446.54
530,846.8
1024,537.45
7966,443.4
165,591.71
5298,111.6
8397,179.98
7064,108.6
3621,720.93
3977,485.59
7995,888.53
2004,539.59
7081,125.79
3267,481.4
1161,588.42
303,204.22
8807,147.99
3709,50.79
8,17.26
413,356.25
8831,804.18
4159,385.77
2797,184.43
2888,22.91
7874,996.54
1282,255.18
9448,292.9
9342,498.33
7426,786.59
7295,280.25
421,992.5
9719,595.13
6382,61.34
2597,297.12
6977,143.75
4420,599.37
5309,469.57
9444,988.06
7723,274.87
3148,503.98
6558,276.65
6971,429.87
6820,677.72
3655,385.34
3869,559.86
2960,66.11
4709,797.62
3581,252.41
6647,228.39
5174,399.74
3638,152.46
2870,726.56
7800,212.73
644,319.41
9383,949.03
3136,655.99
8744,232.27
7235,509.85
2281,228.19
8397,417.9
1465,787.27
4757,237.52
4005,961.53
7906,636.44
8640,940.41
2533,56.72
361,452.07
495,215.01
8128,11.07
9473,319.77
5507,393.08
2390,131.18
6699,492.94
2077,502.06
4167,587.79
6335,775.3
6406,677.88
89,613.8
6046,132.22
5821,762.59
9680,994.43
1715,738.8
2913,961.05
870,41.42
6043,821.98
7125,944.96
5861,62.22
8910,176.88
5544,389.64
953,475.3
6736,800.01
6069,887.35
1130,790.15
2349,750.77
689,516.54
7842,660.51
1329,100.06
1297,311.4
2352,343.65
4364,489.93
4106,946.76
9083,797.0
9008,366.5
3934,766.52
1492,979.57
961,133.36
8231,895.33
1963,413.47
9966,884.36
380,44.23
3660,235.85
2982,535.82
3569,379.6
3554,812.77
6476,357.09
5248,825.52
693,548.0
2065,360.95
1538,158.44
4877,310.48
1948,310.37
4003,46.54
206,427.37
6137,794.04
2192,826.87
70,285.43
1482,432.25
5670,644.0
9200,144.5
2129,767.1
3604,785.69
4499,746.31
4947,919.25
9686,630.6
2294,226.73
2861,436.34
3392,836.89
4635,44.48
5212,610.0
8764,40.08
1941,636.48
5233,314.18
2408,424.91
7532,684.44
8181,316.41
3190,875.8
1452,954.18
3681,590.39
5118,106.69
6424,240.39
8891,308.05
777,552.96
4638,512.97
5222,476.12
3795,748.95
4737,123.76
5714,985.8
5212,127.11
4018,660.52
2164,130.83
1124,788.6
1993,818.5
5330,408.33
6729,178.57
9006,258.46
2458,607.19
6152,139.48
4197,418.09
7198,947.42
1245,157.76
4769,29.33
883,497.28
105,466.58
2399,808.76
6900,18.01
587,747.55
4977,132.62
3145,422.41
2068,802.67
8427,225.59
1362,797.86
3314,584.08
5500,234.16
3304,279.88
4902,542.73
5390,434.63
1394,925.54
9674,733.84
5202,88.53
2337,340.65
6703,587.49
3999,218.63
1499,482.71
8422,831.82
6755,230.5
3645,686.41
8176,646.25
8822,761.19
7988,672.7
6282,752.14
813,807.06
8291,590.88
9615,676.62
1159,688.49
3792,493.28
287,441.42
5692,959.31
5410,825.85
20,47.87
2765,886.05
7516,423.22
2159,100.11
3491,658.71
5676,126.24
7108,306.5
5191,337.93
7130,667.95
7834,73.18
5879,759.59
3863,576.91
3234,577.62
3586,691.2
6095,36.49
8469,401.05
629,86.98
2197,767.66
2598,665.95
4220,554.93
7123,287.99
596,695.81
8594,955.79
9934,712.7
1414,780.05
4996,450.6
6315,300.29
7234,268.17
9965,922.58
5575,131.44
2479,78.16
2912,506.6
9193,553.08
9515,437.45
7199,494.45
5255,763.89
23,951.76
3418,863.67
4491,393.07
1989,355.94
3849,880.73
6704,108.85
2330,839.34
9030,190.01
543,679.59
6872,967.36
2837,390.87
3339,821.9
6745,939.31
4685,162.27
3393,634.34
6587,34.0
3242,343.76
3286,132.55
5701,287.84
9712,981.55
1831,252.3
7570,237.92
8604,671.05
878,593.57
9206,343.99
5116,759.81
1018,26.93
8018,718.5
7153,683.11
105,292.99
5296,359.25
167,429.34
2221,274.88
886,34.99
5346,524.54
6001,675.14
5668,319.87
356,326.14
1102,69.53
5104,292.78
4777,942.64
5099,650.74
2544,997.03
8186,736.58
9448,23.29
9036,726.81
4774,86.83
9097,691.84
1135,902.58
5809,579.15
6477,127.65
2817,81.92
9019,488.27
7028,734.75
6476,157.93
958,55.03
460,413.39
4696,732.77
6816,305.98
9878,342.54
483,858.94
3245,211.95
6607,279.66
315,43.89
6702,515.02
1971,58.38
9042,950.24
230,964.53
4381,886.42
7776,596.42
2134,751.95
6878,924.25
1713,877.19
1923,161.41
857,26.44
5626,415.08
4809,772.21
9695,468.21
5931,703.1
5896,807.12
2901,165.9
2094,318.66
4128,500.97
5059,261.45
6174,52.8
4405,422.69
9599,196.62
2577,195.71
473,675.21
3683,65.02
9596,792.25
4654,303.65
2127,997.23
5104,622.5
6583,143.26
7109,667.92
182,260.27
7589,294.51
2364,947.56
2636,725.22
3577,679.59
1049,915.53
5351,625.74
3699,467.33
686,568.03
709,601.78
4860,113.88
4602,67.45
6234,686.3
5825,24.53
738,297.23
4054,391.3
2598,961.8
7528,374.42
3707,96.6
7409,796.14
9103,823.93
9003,151.58
1570,343.67
2025,155.99
1565,376.17
655,927.63
8727,107.73
4040,475.02
2868,321.63
6800,64.98
6291,768.27
3941,763.6
2697,610.07
6221,153.42
35,295.25
1529,317.57
8066,518.47
5621,506.5
4336,896.43
8258,362.33
2203,144.13
8074,27.89
3070,892.53
3117,662.68
2162,940.15
2657,499.21
7767,259.16
6369,961.15
278,928.05
5320,70.23
8549,499.22
9952,123.93
5061,459.42
7875,18.9
7988,826.75
4654,886.21
9918,687.9
5973,971.85
2492,779.99
9351,342.98
1744,682.17
9620,863.44
395,549.68
8961,225.45
2651,834.8
7294,741.12
7274,543.97
3582,88.42
7313,102.96
7084,540.74
4882,967.55
8200,366.25
3353,845.16
9325,546.49
7958,718.88
3961,108.28
292,697.79
393,517.01
8996,868.85
1392,52.77
625,556.84
7801,573.43
5229,336.57
6545,118.13
5243,933.59
3691,668.8
2330,180.46
8082,438.03
4732,231.79
3009,444.87
402,291.98
7638,332.05
157,634.06
2338,272.28
9458,128.03
7035,462.34
8779,391.28
1216,543.53
3830,143.62
2472,732.24
9857,147.65
4657,978.96
3415,177.0
1602,253.86
6408,365.47
7792,899.0
6141,88.07
530,275.16
3028,917.93
4326,291.13
9134,816.65
2122,978.55
3189,683.92
3536,234.79
8383,269.52
4190,437.75
6625,747.54
7463,354.17
1059,843.68
9769,940.48
8667,35.41
7401,295.06
3240,677.09
5784,260.16
3366,657.91
9804,802.96
9841,452.18
7049,420.42
5153,863.25
1868,59.8
3224,548.67
6669,454.23
2310,799.37
164,96.05
9062,656.81
4652,835.59
9931,968.54
5818,993.71
6341,82.21
8479,226.82
6299,391.11
7726,127.46
9603,330.79
4953,502.2
3215,662.98
3585,561.5
2460,378.59
1503,548.5
6584,784.7
64,518.5
5270,20.45
5538,644.9
9521,946.49
55,166.34
8159,658.93
8009,622.56
1493,936.35
9495,138.45
5893,429.74
2318,989.68
1930,723.43
7707,517.01
4231,380.73
3338,561.95
4113,110.82
4339,619.6
3949,952.35
6204,86.15
9589,188.17
5147,178.62
2555,788.2
5715,395.47
2258,768.16
3892,839.33
2686,260.99
3518,539.31
5303,248.43
1518,242.96
5657,360.75
7459,999.47
4664,773.03
4039,897.87
9141,472.86
2617,597.15
9189,233.65
2373,11.18
775,187.85
9956,537.28
6609,698.9
4921,799.5
3555,377.29
3648,610.03
251,818.44
3922,863.97
7531,400.49
2420,599.78
4294,512.69
2436,988.28
6811,544.17
3189,471.0
192,175.54
585,504.71
7769,409.81
5909,679.46
1928,435.07
7905,521.29
6896,217.91
2815,720.94
1487,631.75
2346,283.69
3079,770.47
4357,276.42
846,213.09
5945,893.87
4177,421.49
6393,128.8
3232,59.46
9476,892.38
1274,609.77
9043,96.92
7446,527.08
3698,812.62
1768,419.47
5978,56.78
5331,763.28
8842,921.71
6666,849.82
7883,931.76
8567,639.87
4501,709.01
8071,240.37
4753,158.91
1278,225.77
6792,652.94
2211,874.54
6600,141.68
9570,817.35
6306,759.39
8289,967.01
7628,223.02
5861,634.04
3356,477.98
347,232.66
1536,852.86
5378,305.73
5319,387.22
761,169.45
3956,427.59
1510,222.1
2109,47.2
7554,888.77
7420,963.23
8299,986.89
7524,446.63
8960,586.28
6103,265.32
7564,906.53
5229,116.6
3611,626.37
3906,697.58
7304,796.2
1680,943.9
717,933.8
5535,86.9
2247,364.53
6171,82.44
2324,807.3
5003,769.58
8716,852.41
1244,297.92
2864,189.6
8625,918.68
836,990.69
9096,968.95
8923,563.05
9886,733.12
4060,844.1
6511,591.09
5611,431.16
3797,96.62
5530,792.87
2201,619.83
3921,356.97
9707,337.71
1843,205.26
2915,522.57
4688,310.89
8094,604.23
6003,451.2
4842,290.21
4775,410.19
689,282.7
5465,328.06
2579,162.77
8593,853.72
6343,373.14
9873,603.67
1916,546.08
8287,260.86
9155,487.32
2983,111.71
7859,384.18
8276,460.07
2501,393.03
8666,586.3
1460,516.26
9487,138.47
7599,311.85
9977,958.59
6403,717.19
2434,708.63
5163,355.26
2702,206.84
4644,512.58
627,661.32
9809,18.2
7478,818.84
59,91.01
9134,435.94
9755,204.9
619,11.67
8411,963.25
2004,907.14
5458,808.11
3339,140.53
578,196.44
7977,84.88
4726,148.66
2730,639.81
8183,676.11
9485,428.06
4103,379.39
6453,599.0
6548,543.94
3859,978.77
9335,242.22
6961,449.94
2568,727.39
4440,143.49
2957,588.64
2679,249.61
5282,617.91
7542,825.26
6569,608.71
4140,357.81
2349,442.29
432,852.95
5785,906.76
2346,522.0
5149,794.95
9353,976.54
1598,624.7
5431,215.55
6574,368.79
3899,53.01
3791,484.02
9256,241.1
7525,797.88
1105,881.51
2141,357.84
2597,823.71
2507,284.88
5723,337.58
2678,978.91
3955,457.19
6269,817.32
2444,637.44
8810,305.72
7074,24.35
5360,539.6
6470,30.62
8333,230.47
6360,629.1
1556,679.96
1530,582.99
5587,302.18
2013,244.23
8058,299.25
9468,524.25
3221,893.63
8504,610.46
5609,691.65
7877,301.46
1291,694.47
1650,50.16
1865,121.86
665,309.73
6617,744.51
2034,210.57
844,730.93
421,727.9
3286,180.77
5155,370.86
869,435.04
8095,171.06
6766,101.73
9423,757.43
1989,93.25
1297,990.84
7113,862.29
7251,151.81
2603,888.3
5918,245.84
1044,951.61
4535,869.27
6237,534.44
4755,114.43
7753,431.99
123,817.97
275,705.2
5233,859.23
230,962.85
4719,17.87
148,421.99
6332,631.68
2066,284.08
1337,584.89
553,996.65
126,191.4
6166,651.78
7444,323.02
2162,515.95
1045,663.88
1406,754.14
691,707.05
4846,908.43
2528,244.1
7922,992.44
7393,308.36
8481,649.56
3156,399.89
7561,948.13
9510,263.34
2680,784.04
3268,759.85
6338,305.78
823,400.74
7554,575.8
5398,316.21
4809,449.31
7524,355.51
2557,817.56
4400,124.25
262,194.46
5776,136.29
2098,407.45
7949,629.49
4991,115.63
8065,414.76
893,496.29
5670,848.84
7724,66.22
749,953.57
8424,794.0
9069,561.25
4351,211.34
4553,517.04
8378,58.65
3116,369.35
640,837.77
5836,24.78
7504,106.81
8667,569.08
7820,174.26
1085,602.33
1319,126.17
1426,628.71
1225,44.44
7169,361.82
8432,320.41
84,689.25
244,780.23
6386,194.79
163,141.63
5663,425.41
1950,582.33
39,317.43
6564,934.76
5508,416.65
9908,686.81
4358,855.01
250,544.11
9836,101.86
6365,94.65
9256,723.41
4920,627.85
1919,78.35
4986,462.04
4760,903.93
4009,220.12
2923,600.32
3975,504.28
9932,785.29
6393,617.3
7919,108.5
5092,958.31
909,194.05
4457,913.74
1222,369.64
928,569.42
6094,315.05
3650,319.87
4341,831.89
3267,255.99
1171,475.87
7588,935.59
3790,884.22
6331,211.17
5202,797.45
2456,457.79
9333,264.33
1376,614.2
115,938.7
3108,246.13
6690,451.33
2986,759.98
8148,165.89
8183,580.87
4261,134.49
7265,422.44
5500,605.15
2956,366.61
3839,25.16
3131,869.45
3119,741.45
5383,758.84
1742,176.35
1680,576.24
1986,901.51
4231,730.09
992,49.53
4880,26.93
9673,601.54
3454,963.89
521,245.06
3622,461.93
4582,435.15
5515,363.18
2917,296.73
9610,424.02
7104,821.43
7284,24.44
6466,802.14
8974,192.19
7654,91.68
3269,553.03
960,962.28
9379,780.63
5047,549.5
5904,368.41
5084,236.4
3936,680.71
5251,128.71
9777,605.53
7240,508.14
7003,596.78
3508,195.75
8751,478.91
1863,215.71
1632,447.7
2473,635.01
2855,284.37
2368,963.62
9682,591.11
6217,660.62
8146,778.38
1199,787.59
3123,689.21
9491,310.33
4760,295.14
8721,194.51
7376,645.48
7726,509.37
5599,626.1
2021,270.76
2965,819.69
286,173.41
174,580.55
4479,407.12
3470,862.09
1293,423.89
6969,207.57
1676,396.56
6349,977.11
5207,672.38
8284,861.0
6965,440.14
6512,71.91
2489,88.23
706,147.39
475,155.24
9668,793.36
4806,305.42
3241,577.82
7626,300.25
4591,660.32
867,745.81
2086,264.73
2041,199.95
7458,354.21
6367,262.7
9003,701.9
5396,388.9
733,294.6
8126,122.78
7312,157.06
5207,279.85
6244,77.52
62,67.82
7887,99.62
8232,200.24
8530,78.77
5758,464.65
6716,471.13
1131,866.69
7189,695.07
6001,840.91
8909,772.22
3457,567.7
5745,502.67
6917,420.52
783,27.9
4157,546.36
6148,203.79
1030,760.43
5691,79.2
2672,875.9
1919,493.89
8307,545.23
9633,610.31
4448,363.12
5333,733.48
9614,802.15
8467,381.66
1264,679.47
8934,331.41
4436,565.75
2501,489.95
7398,586.35
172,613.04
2903,950.1
8821,937.35
4269,374.32
7861,463.56
734,919.89
5586,375.68
2791,553.58
5118,731.26
3446,103.97
5729,440.45
3063,194.84
9404,869.38
4509,679.8
2783,958.67
4638,817.31
8401,357.57
3467,449.52
4351,422.73
672,87.15
2284,520.45
8892,415.29
7193,447.06
9003,575.9
6239,17.61
5595,399.08
7042,628.13
9171,568.53
8469,860.28
4186,710.21
113,46.02
6791,568.9
6385,159.15
9272,674.02
7317,299.73
5574,241.11
1531,629.88
8622,450.95
4566,571.15
2635,653.84
8570,716.03
6044,363.33
9156,131.13
4585,842.87
3689,319.64
4674,475.0
7779,450.48
3042,641.04
444,999.63
2766,855.47
9546,628.13
5925,605.86
855,744.13
186,121.77
207,158.9
4652,231.08
4331,270.44
9963,517.68
4905,324.33
7387,587.04
4746,314.58
4742,891.36
9681,371.6
8975,953.73
7279,429.1
6018,690.99
6040,847.72
6822,408.94
5946,507.83
2181,812.8
3713,357.96
8849,100.91
3218,414.26
8008,496.95
5330,411.13
5585,265.29
187,830.37
8388,507.98
1024,835.98
4064,651.87
3986,470.06
5735,988.03
1045,444.02
6033,819.79
6194,912.64
1087,406.93
6874,497.56
2737,332.79
956,466.59
4872,641.48
8917,687.23
6753,685.35
6149,145.11
5511,459.29
753,736.94
7502,820.97
6330,441.3
1994,742.56
6230,183.88
794,946.59
4534,550.87
8732,311.61
8343,81.63
4927,515.16
9431,224.67
4802,861.99
4824,912.89
4384,353.73
9184,821.09
2651,711.79
4939,910.86
9712,42.2
9122,26.33
8153,716.33
6174,752.11
3225,257.13
9492,369.15
7074,546.29
3752,56.63
7606,248.3
6321,960.47
4788,997.11
2292,440.07
3087,291.55
1103,981.02
7572,471.89
9057,229.03
8316,927.55
1481,56.6
5442,545.4
6363,456.95
1175,248.74
7755,637.5
1377,811.46
3507,129.29
6267,310.41
4102,895.7
4933,773.13
1155,190.01
5816,816.36
3172,775.58
8453,665.42
2042,326.08
7385,444.86
6079,247.38
7653,833.57
6826,413.8
8468,689.17
8699,513.52
5857,287.65
4486,867.0
6423,45.79
2919,881.24
3535,941.24
8952,422.31
941,579.17
5483,45.81
3982,242.83
6725,879.46
4758,448.28
719,255.04
9879,508.1
8022,373.64
3940,370.06
8190,683.74
593,260.49
5673,967.55
8975,594.75
6524,97.0
1450,61.33
4524,896.72
2923,904.5
9956,527.22
6591,98.2
4374,633.23
37,441.62
7998,809.23
9525,358.19
2444,806.84
2711,666.09
9132,710.4
5260,963.96
8558,872.58
7907,490.07
1275,937.12
9710,573.12
9545,45.45
1477,152.26
567,708.4
4113,299.61
9133,588.55
1701,530.55
3002,658.58
3037,627.64
1902,537.29
550,90.06
4911,783.09
7785,845.55
3161,760.33
9793,615.43
6408,239.09
196,646.6
6506,417.18
6864,327.25
364,787.78
778,269.39
2658,457.47
7647,471.1
2920,126.91
1406,726.96
6359,465.57
3632,935.59
1550,967.29
647,672.49
4685,873.92
6514,717.44
1575,710.19
8098,508.77
861,945.61
6536,395.0
2130,835.55
2984,833.12
9013,200.25
8719,781.04
802,123.47
459,53.0
2487,518.3
8281,169.73
5287,332.54
9136,861.16
29,852.93
2469,312.59
9629,207.07
5173,399.1
3637,967.46
7480,882.24
4807,368.18
7095,172.06
4128,544.22
3267,22.54
263,982.11
5061,604.87
1109,142.38
3220,848.21
7042,136.18
941,88.1
2105,255.28
2963,719.76
8356,66.34
7163,237.49
6912,298.83
5564,971.85
8063,971.97
2257,436.22
6193,310.86
7425,596.0
8127,277.85
2639,342.92
6789,675.6
947,57.29
2555,184.77
6026,317.55
6445,908.19
381,734.35
3967,269.19
2935,78.19
8736,10.96
1547,916.72
6117,605.08
5898,132.45
1294,631.79
8312,186.54
6185,826.29
4913,992.19
4890,646.96
3321,177.37
1492,732.4
5893,983.48
1653,31.13
3614,905.58
6862,58.31
263,277.88
3453,608.15
5823,497.11
8461,997.51
2519,333.57
6081,925.81
7355,430.48
4155,819.38
6425,537.88
6417,573.27
7691,665.56
8377,789.77
8254,701.04
6066,784.64
7749,199.85
862,822.34
3134,405.3
1609,928.65
5900,149.48
8949,417.45
6929,582.42
2089,223.57
3064,629.28
2801,840.28
8668,397.6
2170,802.29
1972,693.87
9107,593.21
9052,674.83
5634,408.06
4056,96.86
292,216.92
5080,138.86
6445,387.63
5191,826.1
5127,317.64
4880,146.39
2546,779.92
4947,633.72
1461,93.57
6853,323.39
4542,444.92
3621,717.34
1217,899.69
1787,71.95
1974,244.43
8786,123.09
2107,936.94
8441,729.87
4531,621.76
73,823.76
9189,858.1
2079,31.61
5348,854.1
9127,171.28
9680,484.82
4255,249.79
3427,568.03
404,672.15
1058,409.33
1090,17.7
6105,691.19
1276,620.27
8450,975.61
113,356.05
7863,971.66
3392,726.42
5649,894.3
9170,924.68
5129,316.52
5223,208.4
3096,982.67
4664,870.56
6953,308.37
540,471.87
4852,806.33
4944,467.31
6610,42.93
8000,140.27
6341,287.07
8570,278.17
2636,336.11
7239,918.68
4362,536.82
6437,252.11
6540,534.81
6372,81.07
8139,820.65
1379,416.16
3884,118.12
3856,220.85
5849,457.65
3210,842.1
9174,446.13
1776,873.93
2068,393.16
2117,633.22
5204,704.25
9661,538.27
6089,760.23
1086,346.31
7046,559.65
4280,419.17
2804,835.29
6897,525.38
7482,502.56
8547,843.57
1254,195.89
8814,413.95
1821,811.0
5167,924.26
2897,806.88
1338,629.87
2734,97.9
8488,539.52
4024,310.24
2984,565.03
3496,347.17
8026,247.94
1958,51.43
127,861.45
2487,173.65
1698,282.75
9723,622.61
4354,274.12
4717,65.74
3186,698.92
8870,235.98
2760,557.0
7126,581.94
586,246.87
4483,914.78
5255,439.12
4121,831.02
4962,158.73
2539,596.04
5694,969.78
8435,124.29
3304,254.13
472,990.36
6730,905.76
9125,748.64
1273,675.1
9927,423.27
4685,963.26
1236,509.22
17,496.62
7833,800.76
4212,776.93
2665,662.08
1329,637.55
1441,47.55
8974,708.91
2948,160.64
103,860.05
8592,184.91
3876,309.6
5677,514.8
4278,98.26
4471,552.37
7922,213.59
483,990.0
1268,390.84
2507,71.56
7335,187.41
8056,811.53
4147,415.73
9333,224.43
5869,965.03
9976,722.6
5547,135.14
4399,862.85
5589,767.7
6303,231.34
8647,727.18
9226,563.81
456,555.3
8258,919.58
6469,950.18
1313,469.98
2681,236.15
9711,378.93
2917,350.7
3422,857.04
3091,932.62
317,237.31
4984,839.16
7371,763.24
4289,253.99
2190,529.7
5878,358.04
5650,692.91
3365,577.28
8367,896.48
8183,114.61
96,981.64
5381,66.19
2792,88.88
1546,156.69
4659,949.42
2648,24.89
334,261.94
3784,402.62
3816,870.75
8146,644.85
4615,702.16
952,349.13
6416,817.64
149,829.42
659,29.71
5890,234.51
9374,494.72
1640,254.35
6814,929.62
932,39.44
115,685.68
5626,116.74
3130,415.5
6660,254.15
4473,817.13
6353,142.51
5838,635.33
5126,494.53
2357,232.32
4971,951.35
9182,892.58
7597,708.96
8705,470.96
55,727.0
4861,702.24
6366,256.75
457,767.36
9962,885.88
8432,241.41
7994,882.66
4807,512.04
34,711.29
4502,95.78
9259,458.66
3822,546.21
8467,72.36
7755,248.3
2353,204.84
3027,345.98
2227,336.8
6858,940.35
209,760.72
8023,896.11
9317,25.26
8093,195.24
2232,144.26
7591,389.3
507,700.94
6151,265.04
1857,130.98
4831,921.47
9008,450.53
5566,161.09
6576,777.76
9686,292.0
3898,981.26
7939,745.24
4763,26.17
862,878.51
1375,329.82
4613,178.59
5385,864.39
5578,985.9
7381,509.02
8360,584.5
7172,200.97
7965,483.08
7169,800.87
5369,662.55
8226,723.6
7589,437.35
5295,589.02
9019,309.36
8183,471.01
5614,844.41
7426,212.38
4943,97.9
4344,857.78
9054,777.3
4067,273.31
3692,862.75
9906,83.37
4681,575.3
9542,916.26
5755,126.43
7052,516.0
5366,147.47
8759,453.19
8328,244.23
2149,811.09
7214,305.86
8175,98.41
4953,320.14
9810,229.75
2170,396.67
6418,250.74
2491,766.66
344,582.36
1530,655.32
3710,188.85
5208,103.47
4152,457.38
4470,323.48
8949,198.53
6560,578.92
2284,453.63
9710,28.62
8620,587.37
5320,583.68
161,647.69
4573,665.62
7802,634.35
4892,937.07
6413,143.7
5835,358.67
8682,995.69
7902,950.41
974,933.24
2900,60.88
2261,255.41
6307,593.48
4741,640.54
7370,868.35
8042,735.41
1990,496.81
8735,66.46
8069,132.41
7632,985.96
404,31.61
2698,259.86
1587,309.94
8331,401.1
1667,167.03
7713,783.75
9991,608.61
6092,543.45
5560,598.86
5581,724.61
7926,666.54
927,250.31
4054,510.17
9052,650.13
9565,401.83
7049,897.91
7322,569.67
8490,422.57
8396,650.95
361,775.15
4027,811.3
4289,224.37
295,776.58
5607,927.88
409,460.94
5141,972.52
9714,268.94
1887,589.64
913,558.35
5886,416.77
3081,462.94
2619,408.74
1738,379.69
4032,245.16
9154,823.88
6332,437.53
4485,600.53
2139,149.11
9423,418.7
2272,918.75
9362,41.2
6266,162.92
711,761.92
4159,243.38
379,833.38
9621,514.82
6007,397.24
2367,504.77
677,910.61
7149,58.0
2376,901.21
5196,486.89
35,626.71
4004,655.86
8855,437.96
3955,784.72
7921,702.55
7676,594.58
1740,179.77
7448,945.54
217,88.89
2657,562.93
2752,508.95
3369,542.42
5245,51.9
7477,312.73
9155,975.89
3447,153.98
7866,703.99
2848,67.12
608,77.88
6307,326.24
5229,240.61
6167,930.11
6385,238.04
5460,883.35
2972,497.99
1470,214.85
9095,304.82
2096,856.13
476,183.87
8751,945.49
3578,168.8
7853,861.82
8530,968.86
5214,701.88
3016,683.2
9764,148.96
1784,559.07
3051,773.21
5820,97.14
8612,418.88
2618,258.7
1809,928.44
8241,618.14
4563,65.87
5660,539.78
7000,814.82
4596,166.73
6089,172.68
8818,283.11
263,217.52
9508,282.14
4525,284.8
4446,820.44
7646,176.58
1101,549.87
3250,56.58
9714,438.85
4713,565.44
2618,385.34
5216,41.7
2488,977.21
7068,16.6
7970,632.9
3084,865.05
3213,288.86
5815,971.58
5220,182.17
8750,736.93
7864,814.1
2993,571.13
2150,203.06
6766,404.25
5205,614.15
1308,248.75
6902,888.08
5478,618.02
14,802.17
6966,148.34
9360,272.63
3242,706.16
8105,781.07
4571,713.82
233,484.81
9037,424.11
3553,266.05
35,341.04
2578,980.13
108,46.6
3932,664.25
2264,820.31
8444,815.04
8532,290.86
203,287.48
6245,320.17
7823,762.05
815,603.88
8473,421.93
9520,348.11
7405,452.64
3477,821.76
1278,620.16
1930,221.75
7591,502.7
3482,456.87
784,550.73
2084,631.54
9465,607.8
7281,699.26
5970,689.73
9757,421.9
633,55.22
8261,436.32
1027,40.06
1175,338.42
3777,993.66
9408,414.18
2087,375.47
7395,286.19
3256,659.5
5643,28.0
8757,880.42
7921,796.84
5155,865.62
531,178.88
76,629.06
3124,453.17
9662,78.31
2524,317.73
1852,216.31
2056,318.19
279,964.81
5634,755.51
9300,394.54
4817,393.02
2542,114.98
167,771.41
7963,893.96
7537,798.23
5986,492.72
9962,153.98
1528,683.78
8615,685.19
2194,612.77
2964,169.66
4996,20.14
2231,375.07
8002,156.66
5594,397.14
7886,688.5
8019,558.32
3366,657.76
590,657.28
4998,878.39
1900,144.61
6880,741.87
617,984.67
2880,348.93
3175,854.46
6986,422.4
2989,218.96
7097,367.14
1710,670.39
5852,928.43
7872,127.41
9962,586.42
1548,842.68
3543,332.87
6453,825.08
1349,706.1
3263,267.4
4100,220.74
3165,546.87
7084,743.3
2824,26.63
3759,894.61
2154,497.19
7542,829.98
5928,230.85
6322,337.72
4470,376.19
5855,209.84
3810,427.17
8424,753.61
934,572.26
5071,925.62
8569,289.98
7514,258.03
6093,918.18
1865,108.58
9409,51.38
9355,695.35
6750,726.99
4225,563.27
5049,538.31
6357,933.43
582,137.28
9779,941.11
2686,831.82
329,798.92
5410,460.86
1504,974.76
9789,393.96
6308,996.01
8796,644.16
1416,959.44
114,537.64
5942,295.44
1694,210.95
7421,81.69
7267,670.74
3710,388.95
10,105.56
710,650.67
7235,785.72
443,882.85
5922,110.89
4052,351.21
2300,220.92
3027,227.1
9875,165.62
1063,489.97
2443,577.11
7031,264.8
3748,110.67
9515,210.16
3577,582.58
485,278.94
7436,591.29
4072,284.04
2611,495.5
1566,273.83
2968,560.77
4497,469.25
9500,486.29
4153,551.82
5550,570.26
2491,328.86
8512,513.33
6298,489.16
9618,164.3
7383,271.44
5498,783.01
1276,668.81
1251,945.13
7790,683.28
9948,170.47
8026,867.85
753,917.97
1034,970.54
2753,457.78
9544,499.91
8383,245.16
7430,455.22
1890,524.05
3012,296.73
9061,219.42
2426,469.59
7498,317.1
6786,725.32
3777,289.22
2514,619.34
4121,720.74
4632,904.83
3385,452.03
6050,522.55
3004,391.22
6886,362.25
4257,517.14
822,858.67
626,302.59
9282,743.67
2240,224.51
559,280.05
6810,630.33
5589,498.88
6669,218.82
6077,443.6
8341,128.64
3858,287.55
8233,244.73
3952,630.53
8659,53.09
5266,515.79
3893,434.17
1515,951.05
8606,363.26
5464,803.96
8211,698.07
4413,26.71
7753,434.0
3888,836.61
8309,488.98
8764,868.43
347,778.25
8549,167.89
9051,768.9
7290,579.55
6623,716.15
8546,986.11
5133,139.29
9251,943.66
3508,480.31
3418,750.66
4168,172.39
9387,605.56
1745,643.41
9082,44.54
2171,37.86
3167,341.67
626,351.01
4337,674.44
7573,653.39
9813,390.14
5543,227.14
5465,911.64
7320,250.61
3274,738.66
9362,810.12
6220,216.36
2198,859.27
8206,12.14
3767,499.43
5968,698.16
6239,858.83
4507,417.92
8421,530.61
7336,797.05
7777,166.11
7255,927.57
9526,863.5
588,829.02
1575,12.66
7830,677.7
6972,385.56
1971,949.88
8836,76.54
6880,165.53
8456,479.85
555,274.7
1822,306.05
9874,982.72
6683,846.91
2627,218.51
1772,658.3
6124,668.94
7398,832.27
3,106.5
537,81.63
279,369.44
6587,850.42
8588,676.02
7173,49.71
9138,528.4
921,926.79
8930,972.62
7627,956.81
4094,500.4
3368,577.42
9808,562.79
8415,305.22
9382,127.46
7075,399.06
283,131.19
2503,139.3
5287,107.6
3481,159.8
1586,248.25
4528,824.05
8694,151.04
3039,69.79
408,543.95
3767,220.12
5472,574.55
5937,332.38
24,777.28
9021,553.18
3721,416.27
2745,91.64
5869,696.17
8192,689.44
6698,55.26
2466,291.48
7247,369.21
5200,345.33
2382,776.29
464,813.85
5095,174.66
253,464.06
952,344.87
4,601.0
5285,389.43
465,774.22
4521,716.17
7329,56.29
7221,508.12
1939,822.51
1002,157.24
5247,851.97
7997,619.66
350,168.12
8027,87.87
8464,356.71
8369,686.17
1381,15.24
4416,106.23
1141,448.7
1834,747.0
8043,38.17
9355,149.03
7763,317.97
6908,199.67
5479,847.03
9174,502.42
7298,539.84
3612,548.64
6363,803.42
6290,23.95
9366,294.03
1246,891.55
8616,287.07
8398,212.17
4560,787.48
6638,461.48
1037,547.17
7612,579.64
1439,646.21
5565,196.4
3344,613.64
637,58.36
6011,151.35
1469,813.12
1976,203.56
635,36.96
3564,816.66
6177,722.18
8026,600.69
3281,988.44
5616,86.85
8961,936.92
3522,509.81
2128,658.92
1061,45.17
5094,252.88
3676,680.63
1338,485.45
539,433.69
9718,940.89
2318,836.1
3666,688.29
2822,966.29
9658,434.79
7958,400.5
610,976.51
2867,487.26
4142,336.58
6189,420.01
1063,908.08
5520,206.46
4587,735.5
6065,800.25
1582,946.17
9669,378.71
4231,439.25
390,587.91
7479,424.89
8566,808.98
526,733.14
5183,370.7
9420,679.48
7300,954.69
5639,777.72
6552,155.5
6468,335.97
645,843.92
6082,651.62
68,346.14
6435,752.86
4232,176.26
6202,45.77
2016,336.12
2260,963.64
4801,911.41
9971,994.61
8319,825.71
2669,569.03
1435,733.82
7821,224.27
682,754.42
6781,896.59
4273,160.28
6681,511.28
1890,807.36
8577,766.45
8476,776.06
4970,463.64
2070,376.56
602,214.06
7709,825.31
9845,238.2
735,29.32
286,886.44
6465,953.23
5296,724.23
3478,156.33
2110,104.79
5973,97.8
939,260.85
7058,842.5
3822,970.2
3050,552.04
1409,613.14
1066,997.45
473,547.58
867,176.15
7593,803.18
5514,659.63
8719,599.37
7428,338.16
2027,403.88
5652,950.27
5262,149.06
5401,415.26
8868,334.24
8343,431.11
4767,167.85
6151,171.64
926,164.89
9507,867.97
4859,462.74
700,977.56
4142,720.15
7821,935.25
488,524.56
9762,647.33
4185,929.44
3530,736.88
699,206.33
400,147.59
550,472.67
7370,336.72
1249,746.02
3860,342.04
6635,862.98
7311,553.73
7102,664.99
8350,303.31
3678,390.5
5522,741.56
3451,92.77
9251,655.44
7563,212.1
2602,785.43
3463,750.06
3360,797.82
9627,719.31
6436,697.27
9316,82.87
2800,69.68
2886,279.63
3144,741.13
1938,923.42
3702,277.46
4185,953.75
3221,883.8
1705,666.9
8642,29.56
2404,774.28
6913,748.5
2865,286.18
4304,222.63
9202,501.51
7265,928.34
6919,928.34
2748,793.33
1583,692.13
5412,897.7
8792,475.44
804,833.66
7294,501.15
7642,992.98
9355,176.66
8533,950.81
7047,218.86
2207,893.29
3592,866.08
2542,237.5
976,735.99
5986,896.17
4991,285.66
3367,37.5
2225,500.17
1911,986.81
9275,619.67
4198,255.94
3951,997.23
5651,23.62
5950,548.53
777,678.08
3842,426.75
9423,861.49
2515,727.16
9694,338.99
2025,385.46
9219,217.76
7640,369.79
5068,831.54
9355,563.9
384,956.56
8396,891.08
2046,869.1
6955,542.16
1448,774.01
8794,321.95
850,456.52
6062,827.63
3905,280.81
5889,939.83
1897,587.17
4974,924.92
8239,22.65
5330,529.26
5379,61.75
7866,635.05
2184,71.32
5803,37.85
693,267.44
8843,331.07
1740,863.47
6539,144.45
5759,770.61
9181,776.69
5619,570.3
8720,761.45
1768,36.59
4317,374.62
1670,209.29
9399,247.41
1901,789.35
5569,94.44
4158,980.42
4928,818.1
5192,605.96
9082,906.69
2028,859.09
8928,251.84
4578,580.21
6758,376.05
1012,551.19
2176,206.57
10,94.34
7792,974.32
9582,734.1
1586,965.32
3402,925.31
5024,410.52
8797,383.14
3902,67.48
757,960.49
4180,556.84
4979,953.94
4621,44.28
3494,87.28
6540,726.88
6726,731.32
4201,544.57
5866,984.35
4933,433.79
7908,942.28
8435,224.88
2251,373.6
705,236.62
7167,308.7
2274,75.35
2616,90.27
3187,934.14
1023,682.87
5536,738.26
3634,383.25
5860,185.92
1803,597.24
8055,355.77
1759,953.69
6784,211.35
6105,273.26
4871,73.71
351,936.2
6952,340.71
3967,559.59
6541,281.56
677,340.95
2889,976.1
8069,570.67
608,352.68
3641,815.85
1482,29.96
9575,675.73
3722,431.16
8067,353.99
5160,20.72
2311,234.27
4832,374.04
7614,384.19
5169,518.58
3341,896.98
5389,617.28
3464,669.95
3098,337.01
361,937.57
1964,446.1
7426,975.73
9449,112.96
4927,120.54
3624,74.7
9600,277.3
2853,825.6
8987,548.17
788,258.07
8943,248.52
7720,446.95
5211,242.92
4457,639.44
3344,69.35
4370,411.36
4057,95.8
1254,296.74
9206,776.17
4510,828.42
4081,272.42
1541,478.67
8569,512.21
5605,285.38
4707,812.92
7259,811.1
888,534.22
4674,729.92
9089,768.55
1335,590.55
7319,509.82
2218,449.47
2659,925.09
8205,735.81
2334,685.55
1750,554.05
238,429.96
7549,535.87
6774,881.91
780,50.4
979,310.13
4032,530.67
2815,202.78
2135,787.58
4900,37.21
7572,581.47
4712,596.04
5702,333.41
8675,194.83
8379,634.03
3148,374.84
6318,417.04
6749,978.74
8971,382.16
5051,327.78
8445,841.35
2443,810.9
9283,322.98
4782,796.99
8087,117.9
4572,316.49
4496,726.59
7930,125.08
6414,847.19
8519,863.76
7906,472.44
658,519.79
4635,601.28
3126,629.95
852,578.75
2054,431.89
8100,131.41
3449,548.25
1332,405.62
1489,663.76
8288,525.64
2774,166.81
3138,652.8
8141,215.8
5404,918.42
5925,236.97
1359,84.53
7892,342.78
1973,710.43
3512,25.22
6404,202.88
5688,326.71
3360,735.28
6553,407.92
6701,701.81
9922,32.54
9412,496.6
2566,393.49
3943,667.09
2137,313.23
496,155.39
4566,566.88
5882,991.06
948,446.77
4012,39.04
73,999.27
5451,522.69
3444,363.79
6926,344.07
5594,727.01
429,886.25
9820,724.46
1517,123.75
1529,600.46
2229,508.68
3707,700.22
6218,98.06
4998,152.89
9818,375.53
1342,23.41
4692,205.61
8671,823.81
7535,304.08
1265,486.9
3790,233.74
1124,680.98
3702,212.69
5288,681.07
7808,939.26
9144,37.46
965,676.49
6786,908.02
332,34.59
1649,252.88
3759,624.17
8619,470.14
231,650.38
3620,707.11
2907,410.89
2573,78.03
4784,540.46
7858,179.48
4931,652.36
6675,394.93
2422,458.65
502,18.11
3958,358.03
8051,899.62
2257,267.78
9029,707.26
7426,141.59
2974,294.1
7735,846.96
3154,231.88
1527,428.28
9523,423.51
3670,781.96
8313,49.67
6208,932.17
2193,257.94
3013,572.46
7752,152.25
4894,591.52
561,867.94
9750,468.44
3066,599.6
5345,100.53
7652,665.56
279,592.22
3013,406.53
996,194.76
2566,259.0
9639,148.82
9923,677.89
8075,487.35
7870,763.42
2708,808.52
568,662.36
5192,564.28
7772,46.6
1191,473.14
3979,115.84
8700,267.71
797,849.08
9106,613.37
9553,215.07
5112,785.66
321,943.42
6964,405.67
8604,957.08
7422,189.08
9394,925.2
3076,142.81
5182,621.67
6626,930.09
9898,894.78
6219,445.72
3115,96.66
6314,45.99
3100,33.97
2048,752.06
3509,469.94
5072,100.26
4668,137.4
2977,417.88
5319,597.3
3454,516.91
2880,164.88
8287,508.17
5060,233.56
5648,737.69
4360,95.96
8810,781.06
6934,593.61
8674,792.76
6933,384.22
5411,407.88
3962,987.36
6852,751.43
7447,200.8
9948,830.72
325,265.46
1101,13.73
506,829.14
9064,483.18
4297,379.11
764,905.22
3458,308.76
4371,589.28
6084,846.98
8086,345.6
997,749.69
2629,109.17
4571,862.5
7903,792.82
5803,227.52
8227,284.97
5067,536.27
5225,707.26
629,882.72
6286,951.14
4916,312.3
7603,331.52
3351,112.58
8778,744.13
1892,71.25
4880,325.18
6502,816.43
9857,584.89
9724,888.75
2767,373.15
6179,244.03
9874,767.05
5570,688.24
4285,912.61
6819,114.75
2676,440.93
6116,661.83
4301,610.39
4276,191.66
9436,499.75
2189,569.38
5237,200.29
7552,320.87
7031,155.75
3116,60.19
9352,950.72
6318,501.16
4594,474.19
7736,284.13
289,518.53
351,849.81
2359,423.06
8240,290.64
41,572.49
7692,238.17
4557,326.63
1650,383.07
420,494.93
6857,920.08
4209,109.63
7946,225.61
9520,936.35
2528,969.92
7450,531.51
4181,20.85
3104,245.71
3696,766.28
5837,219.76
5412,751.23
9308,238.42
9048,424.18
1007,654.78
7225,110.43
4777,725.16
12,675.0
8458,483.76
6590,53.18
239,16.86
6668,75.03
1636,707.38
2520,938.8
2230,596.71
8746,677.74
3714,148.74
2728,689.04
8260,462.06
6742,795.65
343,410.54
2772,989.96
7976,167.66
4923,643.31
7885,290.05
4451,818.97
6772,841.04
2797,939.57
1760,227.42
8489,664.52
6202,347.51
1446,307.49
1675,97.22
1293,543.27
9467,499.9
8094,578.1
2395,299.17
1972,709.05
6341,57.1
553,274.65
4233,918.79
7562,786.61
4757,964.12
8979,358.31
657,313.4
7656,605.96
3582,276.41
9604,208.08
3320,618.82
3258,97.03
3105,968.23
839,428.11
2680,122.85
7090,885.75
1668,833.97
2887,117.28
8624,854.56
3382,848.16
6556,180.44
863,464.69
6674,565.6
1240,542.75
2264,81.39
7068,839.77
2477,963.98
2564,962.33
3812,853.77
4164,815.82
1826,47.79
1227,304.15
7189,221.8
9147,107.25
319,677.02
7268,523.76
1408,724.81
9475,254.43
2816,425.7
4766,105.56
1286,863.71
8057,944.91
2062,706.34
5024,479.27
5670,560.62
7808,510.77
6399,993.17
6995,592.03
6276,550.83
8897,739.54
6155,66.87
5998,149.28
4601,325.57
5208,980.52
2241,265.84
4870,319.91
9967,806.36
7110,286.54
3100,497.44
6920,772.22
5564,539.81
2401,254.14
3306,708.2
4188,872.46
9648,382.43
236,379.69
7050,634.16
1177,705.5
2931,609.82
3786,97.34
1289,844.56
5318,642.66
9662,896.89
4389,893.71
4128,645.91
9445,646.97
4085,357.4
6828,478.87
1083,381.44
5098,658.24
874,712.24
2750,956.39
5996,484.39
9948,220.65
5325,609.62
4136,301.32
4601,353.38
8176,163.04
2071,144.29
7950,421.79
4353,406.96
1212,677.11
1768,430.87
1586,884.85
1288,467.47
6287,502.88
7155,570.45
4010,521.84
5238,95.47
79,724.76
6280,355.87
5699,261.58
1050,55.57
7340,204.31
2882,307.64
6274,353.81
5856,915.0
1381,210.95
6239,303.47
3215,281.61
8118,936.5
2296,885.56
6617,408.67
6536,721.33
4193,478.54
7342,485.35
1432,73.75
6962,217.55
488,657.12
2399,575.41
1190,162.05
5933,512.05
5760,606.42
5084,927.01
1235,86.04
5000,589.27
1615,802.64
7167,989.11
3444,784.18
6354,706.24
2883,962.86
9817,936.08
509,339.91
7853,874.88
6751,406.96
6533,590.6
5780,569.01
4767,713.52
5482,815.45
8305,544.15
1567,426.84
1946,595.65
6411,383.34
4740,648.04
7575,967.45
8958,14.59
9956,474.53
6730,760.97
6899,868.52
2999,469.07
1397,874.01
8547,780.67
9650,51.79
1912,238.21
7669,266.52
8106,901.21
722,68.92
9435,763.5
9372,647.06
5409,284.52
8042,637.68
6583,531.67
8055,680.67
2415,781.84
1115,810.94
7601,26.21
5736,369.26
8536,358.27
7261,159.85
7802,336.79
5648,892.1
3628,387.69
2876,945.74
3646,87.38
8086,59.97
8751,338.59
5251,590.31
2670,818.69
978,30.53
2237,628.39
9440,670.86
4229,232.37
5589,700.82
538,787.98
7613,598.01
5983,591.36
7120,274.36
8226,707.39
2158,39.49
581,42.37
8656,937.38
7857,944.07
6509,612.8
9267,530.5
7036,456.62
9948,28.94
8734,317.32
2376,948.5
6005,322.61
7034,12.86
8064,228.72
1575,443.21
7090,212.18
92,151.2
2494,953.86
7766,491.16
9987,314.14
2693,54.47
3262,174.94
3436,615.98
8007,992.63
5976,130.26
1015,737.9
4198,84.51
994,421.02
8428,903.55
8811,96.57
5670,181.86
1344,808.28
2010,418.31
3301,738.34
6021,566.24
4106,556.34
9167,394.99
5218,550.68
7136,936.4
5524,109.35
8682,603.2
3426,861.58
4877,697.06
9027,191.55
1851,61.64
9016,631.8
4050,471.98
3660,835.15
6195,851.96
7618,720.06
2150,520.38
2796,257.17
3162,689.05
1981,687.23
5760,934.33
4939,177.77
7163,681.41
9744,135.77
2357,357.46
5865,228.81
7694,950.07
6278,155.44
7147,93.53
7366,588.98
7552,173.22
9785,815.26
2233,352.44
8179,447.7
7464,175.42
7297,412.05
4990,660.2
4322,911.46
353,913.84
3866,624.15
2699,424.84
5566,966.31
9439,960.29
6723,697.99
4919,791.99
1260,114.42
124,687.91
8353,430.19
5258,132.51
7396,608.09
3368,724.95
9489,670.13
8683,155.54
15,605.85
2845,777.82
5403,363.19
9776,185.28
7403,558.93
7271,444.5
9924,840.94
8672,147.67
2120,483.75
9252,12.49
7128,930.57
5489,23.87
5882,39.83
5326,182.38
1733,360.03
6467,287.57
1064,849.77
7001,98.26
4659,100.33
2728,151.87
8989,152.0
7557,269.12
3144,252.67
8593,681.75
4744,669.26
704,600.17
297,665.36
7088,897.92
6228,589.17
35,55.23
6693,648.09
3355,420.77
8742,662.82
4990,22.45
8629,879.67
5264,259.89
5148,764.57
2364,994.4
2991,266.18
5550,426.07
6121,410.05
1473,807.17
4951,854.83
5357,270.84
274,627.36
7772,143.48
542,970.79
9771,172.61
5529,700.08
7833,828.54
6663,985.98
3223,527.16
6666,941.88
7687,108.4
3982,617.37
7153,652.31
6531,224.4
506,820.97
3444,439.41
3163,310.49
1196,778.77
6644,783.4
1516,537.0
6199,301.12
1833,840.33
4196,652.65
807,545.23
4648,574.54
7098,342.29
5302,166.69
648,812.71
2450,895.12
2262,109.41
8858,91.14
2449,486.3
3725,513.33
6696,473.24
2357,58.29
8314,699.19
1145,673.33
7282,882.48
5039,981.57
4045,804.95
3440,47.2
5026,636.06
5364,881.28
2187,222.46
2119,705.31
4098,715.82
3277,443.03
4561,570.1
1024,588.2
6062,603.08
7976,989.57
6937,660.02
3878,162.52
6794,514.99
8717,71.86
9710,607.97
4576,874.92
2614,766.04
7640,11.96
4079,825.24
4605,517.2
5473,752.84
2538,65.71
1275,912.94
4911,257.43
3463,415.35
328,305.5
235,85.58
8443,743.29
6642,288.64
291,318.83
7048,823.14
6372,661.81
6751,379.36
1876,104.9
2711,44.42
7224,126.41
207,741.8
5328,737.08
5652,355.8
9619,514.4
5312,844.07
8386,138.3
8315,135.62
591,291.5
6642,90.99
9302,411.86
6608,519.88
8339,253.47
8611,648.31
8607,961.09
1714,563.42
7957,764.84
8237,300.96
2914,906.73
651,62.85
8710,352.98
249,777.89
710,296.64
5168,333.17
5129,840.24
1516,942.52
6146,268.37
7587,126.67
4670,972.62
6003,722.05
1238,959.53
6302,855.06
4755,789.42
8531,184.66
1694,859.15
1391,624.24
7702,117.24
2935,215.59
7750,699.92
7972,603.17
764,319.56
8685,862.64
8220,779.34
3394,135.25
3154,415.58
7628,496.65
2363,944.46
1354,416.55
4880,921.04
7083,776.75
6757,208.67
6007,188.31
6739,590.84
6120,64.36
2770,153.72
1353,202.62
282,830.88
6647,165.96
5729,734.12
7677,984.6
72,441.47
6513,788.87
4897,646.93
208,635.5
5569,998.46
1384,104.22
2500,419.3
812,11.19
5089,150.5
2105,513.64
3133,545.5
779,63.29
5945,512.29
9947,16.91
5276,785.85
572,918.6
9978,183.83
128,631.39
154,228.42
6748,586.02
1661,149.49
4381,839.5
2844,793.46
3482,414.88
4494,130.23
569,140.12
2616,570.25
5280,330.7
9523,526.97
59,665.82
5478,962.91
9046,14.42
8800,456.73
9677,120.32
9982,118.53
3016,589.69
8718,903.22
705,649.73
5098,980.59
3827,288.46
6403,669.35
8084,621.89
201,554.73
7890,695.75
5148,225.31
2636,720.0
1472,365.87
9882,352.78
3021,570.5
9003,394.84
5239,471.67
3943,849.31
8291,610.0
3225,769.4
2984,49.67
9557,674.24
9102,29.12
1899,655.97
3543,868.85
8658,618.92
2098,609.8
5420,231.24
7460,189.3
3639,244.72
7474,693.09
7315,932.22
9651,676.23
7037,576.85
2221,112.78
1899,295.15
9903,891.35
9609,691.17
7632,361.43
7050,415.68
9782,690.51
6396,421.07
4196,80.0
1297,503.79
3756,393.53
2996,402.88
6245,905.45
1570,847.41
985,871.3
6436,318.09
1016,763.81
807,487.51
9932,392.13
9953,790.7
3035,195.37
1088,959.35
6350,539.98
455,875.93
7265,870.16
3198,569.06
908,941.74
2311,299.03
7350,311.81
5893,938.61
7479,838.96
5127,922.11
550,596.3
3163,311.36
9216,527.54
4978,672.79
982,736.15
9413,904.69
5491,169.12
1229,462.93
990,947.57
7904,587.81
8364,594.97
704,127.79
899,657.66
6930,322.56
9812,747.16
2828,49.75
8850,177.52
395,628.65
1290,60.46
3796,242.13
5483,810.11
98,212.4
3062,917.23
3668,503.19
9642,771.48
3434,255.06
8709,89.49
5589,538.97
6819,271.68
7824,785.13
9903,411.57
9033,496.5
8219,681.24
944,818.17
6477,620.83
3396,180.17
1177,613.05
5286,617.19
3608,807.97
7965,146.37
7085,543.84
4609,769.28
6109,166.11
2562,131.9
5809,586.52
4636,247.92
630,65.14
3580,955.73
6002,97.95
6353,156.32
8529,732.77
6425,877.88
9951,143.64
9444,488.69
9552,863.88
6115,454.45
7184,589.73
8680,458.07
7485,440.4
5262,554.9
2846,793.3
7687,570.4
2360,630.84
8418,630.39
168,134.29
6725,518.99
9594,173.69
3712,794.85
8691,28.06
8629,864.49
1615,931.7
4816,288.15
38,363.9
5244,376.03
5581,873.8
9670,545.63
832,16.01
2112,592.71
4336,558.09
1850,775.3
6191,154.24
5114,474.15
14,746.53
9570,312.19
2769,533.69
2537,824.59
4654,998.84
6390,105.45
2393,522.12
4794,190.03
75,773.52
9620,334.64
6040,363.8
1899,673.34
6766,522.3
6000,29.41
4256,192.46
4742,393.72
8459,754.29
9006,686.5
7988,776.73
8751,85.86
1102,406.97
858,461.4
3014,69.52
7690,585.04
5506,414.61
8038,592.32
4391,969.82
3057,985.61
9984,761.32
9668,390.82
719,223.54
4947,966.82
2712,510.21
1289,672.03
7395,572.76
4187,805.67
748,573.9
1229,517.9
2226,808.17
5379,842.52
6255,957.56
6357,385.26
9349,457.93
2105,434.39
9491,576.03
9706,902.85
8718,623.0
2328,279.51
3335,581.73
6020,543.83
364,795.06
1192,788.39
9656,123.83
7500,334.37
103,181.41
8624,828.5
1449,772.39
2718,291.58
4665,319.3
1412,793.05
5918,844.66
4518,149.13
8023,312.83
750,577.48
7228,535.41
1052,381.1
8027,699.48
894,850.8
7986,992.48
9984,53.17
8713,687.98
3848,829.79
2089,119.46
2283,981.86
9553,441.11
3342,526.17
8321,520.24
7698,411.8
1306,717.38
8322,678.1
169,784.01
9067,790.65
6357,547.75
881,38.74
7223,116.32
9357,384.24
5589,347.16
5329,573.33
3816,29.67
4852,748.18
7008,875.94
4580,268.64
7736,311.83
1309,512.09
3787,530.04
5778,161.51
7372,660.02
3394,126.57
6881,736.21
8439,819.93
725,703.06
2211,405.0
5857,697.07
4291,929.1
6381,589.46
1362,99.59
951,977.99
5509,241.2
7230,833.26
2106,712.6
4311,95.39
1128,626.55
1637,551.84
3474,76.57
927,843.27
6525,410.25
4234,801.65
6378,931.34
2474,631.12
7658,339.73
9925,358.08
382,575.38
5974,663.8
1984,276.11
8830,217.5
8050,387.95
3804,907.81
8218,388.31
8935,126.15
2366,606.13
7321,677.09
8195,493.09
3855,264.06
621,223.78
3702,487.53
3014,992.88
6496,219.92
4359,399.26
3080,848.83
9157,842.47
840,309.96
4602,75.99
8370,805.85
7448,463.1
6452,453.66
7395,680.48
2595,784.16
7922,775.35
877,714.47
9468,747.68
4925,696.61
9267,933.41
3278,666.32
1409,919.56
2021,928.48
1110,402.46
3395,313.2
9541,12.07
7667,182.93
4579,20.85
8983,700.24
8248,427.84
302,741.39
4163,113.17
8207,32.66
3870,480.69
8283,168.62
4707,126.32
5033,992.68
2735,214.9
4877,915.09
2274,737.4
7964,103.51
8410,774.25
7691,100.46
365,167.62
4191,503.25
1443,718.59
8536,622.32
4789,387.21
5028,188.15
3149,154.57
7785,333.77
8013,752.78
747,327.3
5655,849.01
5584,715.75
3685,533.87
997,146.98
7592,131.34
4818,784.44
4322,628.91
8061,598.86
7822,665.6
1604,637.48
963,114.58
9226,102.44
9976,934.29
3187,194.37
1931,199.32
9486,108.69
1600,577.4
119,319.4
1464,704.76
144,559.98
2283,113.11
4782,918.1
5518,398.48
9536,323.15
8596,327.16
3609,878.88
5917,151.23
8105,330.51
7812,794.8
6417,163.07
6302,433.15
1425,383.39
6930,43.71
8674,95.47
5203,825.03
3595,370.18
5031,734.78
9145,630.51
3404,230.44
9666,927.33
3519,784.03
6658,832.27
2320,650.42
1785,914.87
942,469.6
2704,229.17
3783,14.9
8556,270.08
1050,711.7
7632,212.73
260,556.6
8852,412.88
7609,116.61
2326,456.74
7473,38.91
543,506.2
2194,834.2
1333,938.52
9897,166.83
9757,82.54
227,811.58
2226,317.28
7270,558.98
7953,468.15
2766,308.24
6029,175.04
4125,781.48
2974,893.84
1675,97.55
1142,815.02
4192,784.19
5500,80.17
6692,225.57
9392,877.29
1311,260.84
6232,347.55
1513,33.63
1040,343.9
1188,592.6
3845,52.98
6420,59.06
5765,681.39
4820,946.2
9801,393.34
2313,793.94
330,72.57
1727,76.29
2609,10.69
9022,320.98
7302,698.16
1065,41.76
1873,88.4
8670,645.66
4109,285.33
5014,328.18
926,294.97
8240,27.04
1152,504.07
3712,949.86
5726,662.79
6643,839.11
7714,86.04
604,794.89
3914,971.27
7180,658.99
1082,689.94
646,907.54
9276,874.95
3629,159.43
2948,257.24
2262,301.9
7227,578.14
5989,640.42
4452,581.61
5669,694.22
1779,592.64
6317,31.83
5706,207.13
1810,21.98
129,301.39
7671,187.89
3030,134.22
6785,623.69
512,953.34
8416,74.74
6774,490.25
1101,766.22
5277,766.67
8719,261.83
6412,199.03
3975,375.91
7792,778.58
3620,505.02
5179,216.86
1581,72.72
4295,703.24
9829,651.1
6242,52.46
3066,749.03
1209,898.88
7771,399.83
5518,745.37
8729,506.76
8420,835.45
4905,57.51
5910,35.05
1813,120.96
8520,603.95
2959,797.0
5520,693.14
7493,553.57
7401,278.81
506,420.41
4896,743.4
1945,249.55
9749,230.98
9884,579.71
6762,642.07
8400,620.59
9042,485.66
9251,180.68
1133,502.16
4132,428.9
9891,816.4
7188,338.21
3627,327.22
6964,888.51
5650,243.93
8791,239.04
8323,121.91
7590,316.51
5026,755.13
9525,383.06
5438,213.47
423,272.5
4940,719.67
958,653.26
5706,837.76
6081,157.12
6082,270.45
5590,436.51
5680,788.56
4978,709.17
9595,551.77
7990,767.9
9814,158.39
7496,398.54
4856,972.73
3532,98.24
9322,541.68
1015,444.82
943,281.66
232,732.84
5167,846.02
5759,617.62
2815,714.88
7249,364.53
758,891.45
6280,638.07
6867,307.16
7503,450.2
7517,195.23
1928,77.09
9702,581.94
3307,843.02
6731,117.95
5169,121.38
2485,135.99
979,217.09
715,453.35
9991,169.75
5161,618.51
5505,685.14
658,344.61
1500,858.28
1509,730.91
7237,237.83
9805,154.31
2121,490.45
955,921.81
9779,100.21
4454,961.04
7404,375.19
9578,364.82
5862,764.41
7093,956.67
53,620.08
359,21.23
1732,476.9
4050,68.05
170,721.73
8444,603.79
1559,815.37
8327,292.19
4391,905.03
4961,799.06
3804,418.05
7124,660.63
215,703.62
8203,526.83
7662,710.04
4967,513.75
8614,952.05
6854,757.77
6985,730.58
4226,955.64
9120,894.92
1688,391.29
6489,305.67
4457,423.7
3941,436.0
5962,405.95
9756,879.71
7711,816.42
9345,204.72
1405,598.6
542,426.71
6829,223.22
9733,823.71
4445,769.36
5351,935.56
4562,98.52
9324,902.34
7793,565.09
8813,740.37
7878,384.14
6750,997.03
9946,105.72
4386,898.01
6742,440.26
2580,299.24
3401,656.86
3232,129.67
2719,953.63
7391,141.71
1739,517.02
9618,217.64
6743,862.85
9285,385.93
3638,842.03
1800,263.19
8761,590.96
9896,49.88
2613,173.39
7250,994.5
1244,144.98
2736,502.33
8048,428.7
2628,230.08
5257,428.92
1612,172.89
8212,576.42
6529,460.24
817,817.85
9161,156.86
9941,61.93
6312,497.01
2123,993.3
9525,657.12
4415,572.58
2055,289.05
7682,902.82
2978,430.43
1139,491.84
7598,247.2
4646,589.59
3288,630.77
1179,21.26
3041,401.56
4342,99.8
6054,651.17
3629,210.19
8713,486.14
8128,606.1
7140,882.87
7108,856.09
99,678.89
9343,636.86
5672,593.27
5192,266.97
8990,991.98
7343,664.24
1577,613.59
1010,947.3
1078,447.63
1096,42.14
9972,55.7
7729,747.07
9149,584.48
8116,58.58
7002,223.73
1256,393.98
6671,490.63
5912,238.26
745,139.28
907,821.7
7962,256.69
5147,800.29
1146,42.36
2436,172.09
8819,988.9
6818,439.12
9350,979.67
8156,177.53
7666,288.49
5592,89.44
9078,463.25
6008,469.98
6915,792.12
630,357.48
4788,498.65
8826,426.07
4757,191.23
8175,917.39
7029,503.56
2101,412.73
9293,274.68
3481,761.32
9439,383.67
6770,556.23
3905,495.43
9641,346.59
9819,910.88
266,878.38
9705,454.1
4177,683.43
2375,68.99
9915,227.81
3192,884.24
7700,199.89
5468,201.81
5813,496.27
3059,971.65
8638,485.72
4047,945.22
2190,491.69
6069,534.09
203,229.38
707,622.52
5782,493.38
5957,66.31
8076,265.66
6162,470.68
3436,764.09
8515,841.27
9479,737.34
3675,190.94
4133,730.0
556,853.8
5397,977.27
4093,480.28
1295,463.72
1479,410.88
1841,154.84
4825,95.41
4690,907.36
5680,715.34
6250,538.29
9086,371.21
5590,230.94
2558,104.26
8610,873.61
649,456.6
8424,668.37
4908,63.7
4667,915.61
2392,932.12
1317,75.34
1020,91.18
5733,660.32
9978,742.16
4056,866.67
3097,948.75
3224,16.1
1339,48.56
40,631.86
209,217.52
9648,394.81
9938,642.65
5361,742.58
3410,515.44
6020,415.79
1081,833.45
4175,809.61
2975,753.58
3693,568.08
1910,724.16
9361,228.91
2262,978.11
6515,805.53
3546,335.59
2455,491.46
3711,217.8
8448,770.75
4198,54.15
4540,68.29
1921,927.99
9618,910.56
5010,27.28
9941,658.57
1361,846.67
5000,972.76
1211,344.53
3698,286.98
9949,477.39
8077,243.42
9156,797.0
7645,162.05
3572,621.91
7541,580.06
3001,115.65
7874,185.93
5647,804.59
5002,167.24
86,325.37
992,853.53
5287,907.11
32,779.74
6581,991.73
4649,111.84
4942,18.1
5976,411.82
3051,224.72
5952,183.98
353,367.28
8734,653.94
9999,139.4
5057,344.12
1080,155.26
1572,144.63
9528,989.92
8298,896.29
9823,501.67
3887,850.55
4554,412.49
9591,949.8
7984,205.65
3372,390.28
7497,440.73
7984,342.79
5421,850.05
4727,537.98
3801,148.02
1301,219.97
9634,963.17
8020,45.28
5990,371.13
2094,677.35
2136,714.47
826,105.69
606,543.0
9166,714.81
4415,211.33
513,385.48
2227,472.52
9080,574.6
9464,666.6
3597,683.74
9180,487.41
3577,998.35
8126,849.28
8958,805.69
1285,743.66
1448,858.99
7776,318.52
9230,975.56
1468,68.38
1315,554.04
4763,39.98
3537,85.65
6244,620.51
7031,76.2
1819,728.6
2796,100.27
454,335.21
2656,858.03
9180,267.43
8466,825.43
2744,842.89
4365,733.54
9458,338.45
262,100.4
2642,59.96
2072,196.63
3109,562.51
5867,129.6
1380,632.13
7645,470.33
6534,965.0
2010,110.6
5293,674.95
9088,963.76
1660,861.63
1334,742.04
2645,975.96
7424,46.13
9060,345.82
8004,991.01
5026,39.44
7635,606.73
4451,909.68
3447,706.86
3744,345.35
2572,426.96
8168,493.48
546,536.43
2401,324.84
316,389.2
6683,546.7
8015,271.41
2193,465.68
5800,342.99
6365,301.33
1260,39.93
8946,25.96
5385,497.36
3091,437.87
4999,746.2
827,582.79
2019,883.36
4012,932.83
3882,680.86
8542,204.87
2915,155.83
6598,584.29
4322,304.96
5548,576.25
3963,101.4
237,111.86
3211,190.17
8584,489.7
2016,31.08
3871,802.88
4985,230.78
73,529.55
7128,487.18
8537,194.82
992,280.64
222,941.76
5407,96.1
8133,797.3
5634,973.18
7782,275.28
4507,572.28
8216,683.46
3553,553.46
1084,659.93
4006,387.54
6152,211.25
9585,995.88
1095,20.24
8807,478.91
6916,785.94
4098,51.5
2008,690.3
5472,31.98
1139,226.64
1407,687.03
8388,692.92
522,472.9
2552,697.45
9980,302.16
4581,691.91
8876,967.17
6617,130.1
7069,724.76
5187,195.52
1879,634.53
2813,977.43
8249,542.39
8001,129.05
7358,388.46
1604,847.47
1070,681.26
171,802.22
916,747.93
1032,68.76
1964,648.49
410,366.3
4501,245.69
3682,127.49
6156,40.62
1978,742.27
9598,141.2
5477,95.69
830,51.48
9265,849.2
959,495.63
2645,532.9
8603,70.85
517,295.73
8226,968.03
2254,596.07
3049,79.62
1906,87.38
7932,743.31
531,792.29
3619,467.54
6612,935.17
4251,185.08
2351,243.1
9225,43.95
6603,363.75
2362,571.53
4124,784.53
8672,861.85
9524,582.03
5759,72.89
5648,374.78
5965,540.89
1032,364.02
3891,905.65
2084,784.03
4564,380.33
5312,249.98
2404,262.79
3869,504.57
9850,973.43
840,796.13
5145,265.7
1389,48.75
99,245.63
9566,657.48
7508,543.78
7781,334.27
8203,250.72
1492,28.78
1653,122.57
1290,917.4
2777,484.61
9573,592.11
2792,469.56
503,281.8
8209,198.7
8962,984.59
4012,79.31
8612,690.21
8479,893.88
491,176.08
5402,962.57
3670,130.12
1786,155.03
8926,412.08
7019,95.24
5496,232.02
4145,676.76
1796,561.85
454,809.09
8498,868.95
3384,408.06
9774,720.55
5431,63.18
8528,94.27
8089,804.64
3029,453.71
9217,622.42
5235,117.37
4417,844.62
1281,293.44
2604,92.85
1585,679.63
939,937.9
981,982.93
577,910.5
2467,238.71
7234,14.17
8527,878.61
9753,936.78
7386,209.88
4235,597.63
8599,48.67
5633,543.04
1812,151.23
7693,280.45
991,261.33
1619,108.8
7812,510.73
430,827.79
4747,830.15
78,105.3
5153,447.79
5114,166.35
4310,161.24
2358,862.45
1762,59.67
499,639.78
8709,671.75
1532,64.16
4079,44.91
7445,912.43
9040,19.31
3519,297.21
7070,894.18
3512,775.78
9826,462.1
8030,792.06
3713,193.25
8527,337.67
2782,885.59
683,56.95
1682,439.76
5233,924.85
5447,149.64
7335,777.68
5972,431.75
9104,375.34
8887,280.54
5990,797.71
9187,788.65
7011,300.88
5156,819.89
1824,53.49
3675,377.71
9312,264.42
1830,133.97
4729,169.26
425,25.92
6875,348.4
4709,821.17
8854,225.61
1331,439.23
5661,777.76
5015,347.05
6723,813.98
2742,880.79
1252,792.13
2038,92.5
2340,688.11
4137,592.85
3784,668.1
1293,835.76
9422,508.25
9182,823.71
3184,614.18
3662,931.47
4313,476.11
858,824.01
524,522.91
662,358.83
6252,847.2
3954,699.91
8296,718.4
6633,958.24
9726,422.97
3419,790.79
2326,500.86
2282,245.22
3121,797.29
7106,92.35
1189,48.79
5964,794.65
7565,543.9
8641,60.59
4148,512.67
9673,869.66
6132,395.89
8022,85.98
7268,375.53
3762,829.34
1479,873.65
5365,767.08
8188,60.62
6981,523.2
7088,674.37
7085,288.13
3217,985.5
4845,739.33
188,872.24
2837,418.13
9472,128.42
8491,640.27
6725,722.75
2726,87.89
2870,281.14
2845,324.87
2023,695.47
9104,327.4
4952,218.86
7369,942.03
3492,430.82
9215,75.73
2043,343.11
5748,446.93
6545,399.43
4693,888.02
9835,993.05
5156,596.35
1388,592.95
793,249.43
2804,219.52
229,825.0
6817,345.87
8115,290.89
9480,334.7
3112,454.72
321,42.54
4740,170.15
9158,560.14
7313,744.21
8811,778.62
2280,666.51
6116,262.65
9880,140.24
1974,944.79
1128,199.35
2699,233.62
6795,930.14
3421,734.72
2409,666.48
7313,672.82
5927,200.45
4087,222.93
106,976.36
6640,460.25
9490,774.66
8766,957.57
2544,655.56
6188,185.03
1277,94.86
4205,538.5
8073,66.43
699,550.59
4090,101.3
9502,37.49
1362,842.1
911,714.73
1194,348.26
4611,514.47
961,73.71
8761,464.1
5270,985.1
1520,649.16
4595,360.46
8233,75.02
4975,589.01
3284,30.07
8590,366.91
6520,823.37
9791,621.27
4836,739.79
3676,20.34
3361,912.91
8126,233.6
7794,179.3
8493,375.22
9387,473.14
1810,451.59
5721,291.26
2993,609.68
4523,896.82
9575,291.35
4799,94.48
3786,540.28
5453,227.14
1658,512.23
4155,936.95
6442,163.52
246,541.07
4495,666.71
382,483.26
6936,159.22
2507,969.19
5265,154.51
7289,552.95
8453,344.95
6738,544.62
1170,784.01
557,975.75
547,441.27
5655,289.27
8097,932.33
7158,414.08
4849,754.0
7646,645.95
1222,159.99
4740,696.01
8191,617.39
3983,853.99
7323,28.4
5300,935.38
5089,64.35
9019,78.44
786,365.06
1201,659.17
8636,140.63
3929,663.15
4298,852.42
7861,782.84
5281,170.45
317,933.42
1975,583.19
7783,414.58
7865,179.17
4656,421.22
7282,934.04
2502,349.08
4392,955.17
5919,476.79
9504,969.51
4260,260.88
5793,350.62
4996,313.83
7870,69.16
8050,188.28
1884,230.81
9387,454.7
4528,351.45
4035,193.7
8252,389.67
4,951.53
848,392.33
1611,183.67
3369,215.78
7644,439.2
6124,963.23
2048,184.0
9149,423.3
7723,908.4
9234,900.09
9306,829.27
5174,943.39
4295,878.49
802,584.96
4115,541.84
2425,251.09
4938,63.2
9542,202.38
6170,569.5
7666,779.88
54,534.19
634,727.71
4016,965.24
4194,719.79
7231,613.54
6903,772.95
1623,93.07
1789,796.62
3305,722.6
7446,314.12
3779,511.84
8445,999.04
104,219.0
1599,149.93
3725,53.24
2010,820.08
9373,146.21
8076,182.42
8100,693.66
1000,895.6
4346,963.36
7488,962.88
6205,330.26
3758,567.24
4939,316.96
1203,11.43
873,353.1
3404,977.04
7202,735.84
8672,169.24
7180,776.48
9209,590.58
7620,463.2
5433,608.46
9886,824.64
3678,776.51
5707,912.53
3889,537.43
2072,999.49
9855,566.76
2052,45.11
6316,436.91
6871,401.31
2051,308.32
7209,576.57
6188,59.27
1037,458.74
9017,121.29
3944,431.67
3497,703.54
3161,472.33
8536,567.48
5993,624.42
1476,195.42
2015,797.54
2338,315.61
5127,318.43
5931,272.13
3842,232.41
1612,62.68
6293,634.75
7032,236.74
2325,125.77
9344,941.12
5079,34.03
5971,659.76
656,876.57
3618,862.59
5684,310.17
3077,958.54
968,842.51
9065,35.16
6912,801.27
7461,861.75
779,301.78
7948,944.55
9115,617.88
7683,78.3
360,958.88
4682,781.97
281,738.37
5285,313.71
7035,461.71
4629,130.25
811,305.2
7505,42.98
5491,146.56
7233,510.56
5161,998.39
1592,640.33
942,553.8
8909,266.64
1200,584.33
753,785.16
7440,287.78
1986,534.52
5215,668.37
6072,427.71
2085,425.87
9968,879.14
2697,38.74
8565,975.85
583,437.26
473,414.85
4051,984.91
3464,279.89
2924,534.46
4963,283.24
4505,137.69
5858,313.61
5481,23.17
6839,927.21
1577,687.35
1935,875.03
531,96.09
2833,896.37
4947,920.31
4828,464.56
4590,304.89
1847,968.7
4825,783.68
373,886.48
1631,956.07
9973,961.04
6581,410.52
9805,634.1
7130,866.35
8525,456.07
5593,589.75
3742,752.09
9634,190.51
4632,637.46
8150,99.12
3200,926.81
2360,726.33
7902,595.01
8533,871.28
3129,898.02
2359,514.49
2804,30.23
3137,705.78
6350,509.27
7528,642.4
6639,287.92
3544,344.06
2719,812.4
2687,260.66
62,572.83
4247,667.52
7008,64.85
3475,54.18
8142,64.24
948,594.17
9742,223.84
6129,897.99
3385,517.8
4817,887.88
6565,271.89
9417,973.2
6623,678.57
9843,815.66
8585,651.3
3520,492.67
4712,988.65
7224,420.47
3633,254.1
2323,672.19
2400,115.73
8309,649.6
1218,755.97
5594,222.31
3036,838.63
3138,908.47
471,534.95
1921,259.2
2602,41.46
7378,882.07
3352,759.95
2488,186.94
5464,566.51
8795,936.3
7376,212.84
5537,181.38
7422,365.26
3533,224.26
4529,205.59
1696,542.33
1002,367.68
5999,504.89
6163,67.05
6894,653.03
2734,422.29
1440,716.18
9311,142.12
8197,31.41
5673,291.19
774,537.92
7258,673.93
1302,106.36
8009,931.63
7231,341.74
6789,993.9
9611,904.61
7089,216.67
2580,543.85
5573,751.82
1550,802.7
1778,785.01
3163,524.43
2918,757.23
9962,140.48
114,177.82
520,729.08
2040,393.96
9045,394.26
9168,32.84
6326,920.07
2087,315.91
3259,275.15
2421,477.89
6140,927.67
2295,327.55
768,369.06
1130,649.92
4640,384.04
7179,432.51
283,684.0
4458,669.78
8588,35.74
3954,747.04
8705,103.53
266,700.73
8712,297.81
9736,675.05
9381,581.71
998,313.66
3227,971.81
6959,363.44
901,600.3
2074,806.63
5621,188.15
1511,477.02
7507,379.37
5334,349.14
691,206.01
5412,65.63
1439,307.07
358,691.02
9303,727.73
4835,104.47
1324,901.89
4856,624.34
8878,606.75
8278,367.73
8859,787.92
7731,444.1
247,503.97
6632,31.67
1063,176.49
9592,922.02
283,767.38
5915,775.27
3272,763.5
5544,109.22
1418,776.59
2774,14.69
6094,317.51
5200,911.58
963,590.39
3386,278.21
1804,875.73
9210,435.32
2982,866.66
319,272.86
7108,268.8
1035,368.42
3979,572.75
1562,968.59
4398,83.14
2175,553.54
9607,456.71
992,26.53
6652,993.06
9237,843.88
8284,690.11
1651,475.46
4760,806.45
8940,285.49
4853,385.42
9373,905.19
8423,513.25
9070,218.35
2741,911.89
4207,977.58
3205,591.77
8625,728.18
9489,467.23
7869,152.82
7303,252.03
5891,563.71
5901,923.34
5733,613.24
9880,242.15
4904,523.02
3155,844.9
2675,738.67
22,628.15
8004,236.83
4253,90.93
1984,944.85
5919,473.14
6800,393.08
9594,246.19
7632,842.01
3747,176.97
3940,990.43
9437,540.49
1128,802.35
2971,985.33
1644,102.81
1127,116.72
7613,915.15
7488,826.06
4227,144.58
